S.NO,Timestamp,Age,Gender,Relationship Status,Occupation Status,Organization,Do you use social media?,Social_media_Platforms,Average_Time spent per day,Using Social Media without any purpose,Distracted by Social media when busy doing something,Do you feel restless if you haven't used Social media in a while,Easily distracted,Bothered by worries,Difficulty in concentration,Compare with succesful people in socialmedia,What is your feeling about these comparisons,Seek validation from Apps,Depressed,Intrest fluctuation on daily activities,Sleep issues,Processed Social Media Use
0,4/18/2022 19:18:47,21,Male,In a relationship,University Student,University,Yes,"Facebook, Twitter, Instagram, YouTube, Discord, Reddit",Between 2 and 3 hours,5,3,2,5,2,5,2,3,2,5,4,5,2.5
1,4/18/2022 19:19:28,21,Female,Single,University Student,University,Yes,"Facebook, Twitter, Instagram, YouTube, Discord, Reddit",More than 5 hours,4,3,2,4,5,4,5,1,1,5,4,5,5.2
2,4/18/2022 19:25:59,21,Female,Single,University Student,University,Yes,"Facebook, Instagram, YouTube, Pinterest",Between 3 and 4 hours,3,2,1,2,5,4,3,3,1,4,2,5,3.5
3,4/18/2022 19:29:43,21,Female,Single,University Student,University,Yes,"Facebook, Instagram",More than 5 hours,4,2,1,3,5,3,5,1,2,4,3,2,5.2
4,4/18/2022 19:33:31,21,Female,Single,University Student,University,Yes,"Facebook, Instagram, YouTube",Between 2 and 3 hours,3,5,4,4,5,5,3,3,3,4,4,1,2.5
5,4/18/2022 19:33:48,22,Female,Single,University Student,University,Yes,"Facebook, Twitter, Instagram, YouTube, Discord, Pinterest, TikTok",Between 2 and 3 hours,4,4,2,3,4,3,4,4,3,3,2,4,2.5
6,4/18/2022 19:36:12,21,Female,Married,University Student,University,Yes,"Facebook, Instagram, YouTube, Snapchat, TikTok",Between 3 and 4 hours,4,3,2,2,4,3,5,3,4,5,5,3,3.5
7,4/18/2022 19:36:17,21,Female,In a relationship,University Student,University,Yes,"Facebook, Instagram, YouTube",More than 5 hours,5,2,3,3,3,1,1,3,1,5,5,1,5.2
8,4/18/2022 19:39:36,21,Female,In a relationship,University Student,University,Yes,"Facebook, Instagram, YouTube",More than 5 hours,5,2,3,3,1,1,1,3,1,5,5,1,5.2
9,4/18/2022 19:41:34,20,Male,Single,University Student,University,No,"Reddit, Pinterest",Less than an Hour,1,1,1,1,1,1,1,1,1,1,1,1,0.9
10,4/18/2022 19:44:06,24,Male,Single,University Student,University,Yes,"Facebook, Instagram, YouTube, Discord",Between 2 and 3 hours,5,5,2,4,3,5,4,2,3,5,4,5,2.5
11,4/18/2022 19:44:10,21,Female,Single,University Student,University,Yes,"Facebook, Instagram, YouTube, Snapchat, Discord, Reddit, Pinterest, TikTok",Between 3 and 4 hours,4,4,2,5,3,4,2,2,3,3,4,2,3.5
12,4/18/2022 19:56:24,22,Female,Single,University Student,University,Yes,"Facebook, Twitter, Instagram, YouTube, Snapchat, Discord, Reddit, Pinterest",Between 3 and 4 hours,3,4,2,4,4,2,4,2,1,3,1,5,3.5
13,4/18/2022 19:57:04,21,Female,Single,University Student,University,Yes,"Facebook, Twitter, Instagram, YouTube, Snapchat, Reddit, Pinterest",Between 3 and 4 hours,5,3,2,1,4,4,2,3,2,3,3,3,3.5
14,4/18/2022 19:59:08,22,Male,Single,University Student,University,Yes,"Facebook, YouTube, Pinterest",More than 5 hours,5,5,5,5,5,5,5,5,5,5,5,5,5.2
15,4/18/2022 20:15:31,23,Male,In a relationship,University Student,Private,Yes,"Facebook, Instagram, YouTube, Reddit",Between 1 and 2 hours,3,4,2,3,4,4,3,2,2,3,4,2,1.5
16,4/18/2022 20:15:38,21,Male,Single,University Student,University,Yes,"Facebook, YouTube, Discord",Less than an Hour,2,2,1,2,4,2,1,3,1,4,1,3,0.9
17,4/18/2022 20:21:09,25,Male,Single,School Student,,Yes,"Facebook, Instagram, YouTube, Reddit",Between 4 and 5 hours,5,5,4,4,3,3,1,4,2,2,2,2,4.5
18,4/18/2022 20:22:02,28,Male,Single,University Student,University,Yes,"Facebook, YouTube, Discord, Reddit",Between 1 and 2 hours,3,4,2,4,5,5,2,3,1,3,3,1,1.5
19,4/18/2022 20:28:03,34,Male,Divorced,Salaried Worker,Private,Yes,"Facebook, Twitter, Instagram, YouTube",Between 1 and 2 hours,2,4,3,3,4,1,1,5,3,2,2,2,1.5
20,4/18/2022 20:31:53,22,Male,In a relationship,University Student,"School, University",Yes,"Facebook, Instagram, YouTube, Discord, Reddit",Between 2 and 3 hours,4,2,2,3,3,2,2,2,1,2,3,2,2.5
21,4/18/2022 20:32:59,23,Male,Single,University Student,University,Yes,"Facebook, Twitter, Instagram, YouTube, Discord, Reddit, TikTok",More than 5 hours,3,2,4,2,4,2,5,2,1,3,3,1,5.2
22,4/18/2022 20:33:36,26,Female,Single,University Student,University,Yes,"Facebook, Instagram, YouTube, Pinterest",Between 3 and 4 hours,3,4,3,3,4,4,4,3,3,4,4,4,3.5
23,4/18/2022 20:35:50,23,Female,Married,University Student,University,Yes,"Facebook, Instagram, YouTube, Snapchat, Pinterest",Between 1 and 2 hours,3,2,2,4,4,3,3,2,3,4,4,1,1.5
24,4/18/2022 20:36:42,23,Male,Single,University Student,,Yes,"Facebook, Twitter, YouTube, Discord",Between 3 and 4 hours,3,3,5,5,5,5,4,1,3,3,5,5,3.5
25,4/18/2022 20:38:00,35,Female,Married,Salaried Worker,"School, University",Yes,"Facebook, YouTube",Between 3 and 4 hours,4,4,3,3,3,3,4,4,4,4,2,2,3.5
26,4/18/2022 20:38:08,20,Male,Single,University Student,University,Yes,"Facebook, Instagram, YouTube, Discord",Between 3 and 4 hours,4,4,3,3,3,4,2,3,3,4,3,4,3.5
27,4/18/2022 20:40:47,35,Male,Married,Salaried Worker,Company,Yes,"Facebook, Twitter, Instagram, YouTube",Between 2 and 3 hours,2,4,4,4,4,4,4,4,4,4,4,5,2.5
28,4/18/2022 20:42:23,22,Female,In a relationship,University Student,University,Yes,"Facebook, Instagram, YouTube, Snapchat, Discord, Pinterest, TikTok",Between 4 and 5 hours,3,4,3,4,5,4,4,3,2,4,4,1,4.5
29,4/18/2022 20:45:33,21,Female,Single,University Student,University,Yes,"Facebook, Instagram, YouTube, Snapchat, Discord",Between 3 and 4 hours,4,4,5,5,5,4,4,4,3,5,4,1,3.5
30,4/18/2022 20:49:37,22,Female,In a relationship,University Student,University,Yes,"Facebook, Instagram, YouTube, Discord",Between 3 and 4 hours,4,4,3,3,5,4,5,2,3,5,4,3,3.5
31,4/18/2022 20:50:39,35,Male,Married,Salaried Worker,Private,Yes,"Facebook, YouTube, Pinterest",Between 2 and 3 hours,3,4,3,3,3,2,2,2,2,3,4,2,2.5
32,4/18/2022 20:52:05,24,Male,Single,Salaried Worker,Private,Yes,"Facebook, Instagram, YouTube, TikTok",Between 2 and 3 hours,3,3,3,3,3,4,2,3,3,2,3,3,2.5
33,4/18/2022 20:53:37,18,Female,Single,School Student,"School, Private",Yes,"Facebook, Instagram, YouTube, Discord, Pinterest",Between 2 and 3 hours,4,3,3,3,4,3,3,2,4,3,3,2,2.5
34,4/18/2022 20:54:50,19,Female,Single,University Student,University,Yes,"Facebook, Instagram, YouTube, Discord",Between 3 and 4 hours,5,5,5,5,5,5,2,3,1,5,4,4,3.5
35,4/18/2022 20:55:44,21,Nonbinary ,Single,University Student,University,Yes,"Facebook, Twitter, Instagram, YouTube, Discord",More than 5 hours,3,4,5,4,4,5,1,3,1,4,2,1,5.2
36,4/18/2022 20:55:48,21,Male,Single,University Student,University,Yes,"Facebook, Instagram",Between 3 and 4 hours,5,3,4,3,2,3,5,3,4,3,3,1,3.5
37,4/18/2022 21:02:52,23,Male,Single,University Student,University,Yes,"Facebook, Twitter, Instagram, YouTube, Snapchat, Discord, Reddit",Less than an Hour,2,3,1,1,1,3,1,3,1,5,4,5,0.9
38,4/18/2022 21:22:13,22,Female,Single,University Student,University,Yes,"Facebook, Instagram, YouTube, Snapchat, Pinterest",Between 3 and 4 hours,4,5,5,4,4,4,2,3,3,2,2,5,3.5
39,4/18/2022 21:24:02,22,Male,Single,University Student,"University, Company",Yes,"Facebook, YouTube, Discord",Between 2 and 3 hours,4,4,2,4,3,5,1,3,1,1,3,4,2.5
40,4/18/2022 21:32:37,21,Female,Single,University Student,University,Yes,"Facebook, Instagram, YouTube, Snapchat",Between 1 and 2 hours,1,1,1,1,1,1,2,1,2,3,3,1,1.5
41,4/18/2022 21:42:54,21,Female,Single,University Student,University,Yes,"Facebook, Instagram, YouTube, Snapchat",Between 3 and 4 hours,3,5,2,3,3,3,3,4,2,4,2,2,3.5
42,4/18/2022 21:48:07,56,Female,Married,Retired,,Yes,YouTube,Between 1 and 2 hours,1,1,1,1,3,1,1,3,1,2,3,1,1.5
43,4/18/2022 21:48:34,19,Female,Single,School Student,"School, University",Yes,"Facebook, Instagram, YouTube, Snapchat, Pinterest",More than 5 hours,3,2,4,4,5,4,5,2,1,5,4,2,5.2
44,4/18/2022 21:49:19,24,Male,Single,Salaried Worker,Private,Yes,"Twitter, Discord, Reddit",More than 5 hours,5,1,1,3,3,3,1,3,3,3,3,3,5.2
45,4/18/2022 21:50:33,22,Female,In a relationship,University Student,University,Yes,"Facebook, Instagram, YouTube",More than 5 hours,4,5,4,4,5,2,3,3,3,3,2,3,5.2
46,4/18/2022 21:55:35,65,Male,Married,Retired,Goverment,Yes,"Facebook, YouTube",Between 3 and 4 hours,5,3,2,2,2,1,3,4,3,1,3,2,3.5
47,4/18/2022 22:00:21,17,Female,Single,School Student,,Yes,"Instagram, YouTube, Reddit, Pinterest",Between 3 and 4 hours,4,3,1,3,5,3,4,2,1,3,5,1,3.5
48,4/18/2022 22:04:59,40,Male,Married,Salaried Worker,"Company, Private",Yes,"Twitter, YouTube, Reddit",Between 2 and 3 hours,3,3,3,3,2,3,2,3,1,2,2,1,2.5
49,4/18/2022 22:07:08,33,Female,Single,Salaried Worker,School,Yes,"Facebook, YouTube",Between 3 and 4 hours,3,3,1,3,2,1,2,2,1,1,1,1,3.5
50,4/18/2022 22:11:57,22,Female,Single,University Student,University,Yes,"Facebook, Twitter, Instagram, YouTube, Snapchat, Discord, Reddit, Pinterest, TikTok",Between 3 and 4 hours,4,4,3,4,3,2,1,3,3,3,4,4,3.5
51,4/18/2022 22:20:42,24,Male,Single,Salaried Worker,Company,Yes,"YouTube, Snapchat, Discord",More than 5 hours,5,5,5,5,4,5,2,2,1,3,5,1,5.2
52,4/18/2022 22:23:35,26,Male,Single,University Student,University,Yes,Facebook,Less than an Hour,3,5,3,5,5,5,5,5,5,5,5,5,0.9
53,4/18/2022 22:30:15,55,Male,Married,Salaried Worker,Private,Yes,"Discord, Reddit",Between 1 and 2 hours,3,2,1,3,2,1,1,3,1,1,2,1,1.5
54,4/18/2022 22:35:53,26,Male,In a relationship,Salaried Worker,Company,No,"YouTube, Discord, Reddit",Between 1 and 2 hours,4,1,1,2,2,1,1,3,1,1,3,2,1.5
55,4/18/2022 22:39:40,27,Male,Single,University Student,University,Yes,"Facebook, Twitter, Instagram, YouTube, Snapchat, Reddit, TikTok",More than 5 hours,2,5,5,4,4,5,3,3,4,5,2,3,5.2
56,4/18/2022 22:42:46,22,Male,Married,University Student,"School, University",Yes,"Facebook, Instagram, YouTube, Snapchat, Discord, Reddit",More than 5 hours,3,2,1,2,4,2,1,3,1,3,4,2,5.2
57,4/18/2022 22:43:04,19,Female,Single,School Student,School,Yes,"Facebook, Instagram, YouTube, Discord, Pinterest",Between 2 and 3 hours,3,2,2,2,4,3,3,3,2,4,4,5,2.5
58,4/18/2022 22:51:44,22,Female,Married,University Student,University,Yes,"Facebook, Twitter, Instagram, YouTube, Snapchat, Discord, Reddit, Pinterest, TikTok",Between 2 and 3 hours,4,5,2,4,4,4,3,3,4,5,4,2,2.5
59,4/18/2022 23:00:23,20,Female,Married,University Student,University,Yes,"Instagram, Reddit",Between 1 and 2 hours,1,1,1,2,2,2,1,3,1,1,3,5,1.5
60,4/18/2022 23:05:21,25,Female,Single,University Student,University,Yes,"Facebook, Twitter, Instagram, YouTube, Discord",More than 5 hours,4,3,3,4,4,4,2,2,2,4,3,4,5.2
61,4/18/2022 23:11:49,25,Female,Married,University Student,University,Yes,"YouTube, Reddit",Between 1 and 2 hours,2,2,1,3,5,4,5,2,4,4,5,4,1.5
62,4/18/2022 23:12:03,18,Female,Single,University Student,University,Yes,"Facebook, Instagram, YouTube, Pinterest",More than 5 hours,4,4,3,5,4,3,1,3,1,5,4,5,5.2
63,4/18/2022 23:19:30,25,Male,Single,Salaried Worker,,Yes,Reddit,Between 1 and 2 hours,3,1,1,3,2,4,1,3,1,5,1,5,1.5
64,4/18/2022 23:23:52,19,Female,Single,University Student,,Yes,"Discord, Reddit",Between 2 and 3 hours,2,3,1,5,3,5,1,3,1,1,5,4,2.5
65,4/18/2022 23:38:02,24,Male,In a relationship,School Student,University,Yes,"YouTube, Discord, Reddit",Between 1 and 2 hours,3,2,4,3,2,2,1,3,2,2,4,4,1.5
66,4/18/2022 23:45:43,21,Male,In a relationship,University Student,University,Yes,"Facebook, Instagram, Reddit, TikTok",Between 3 and 4 hours,5,5,5,5,5,5,5,2,4,4,4,1,3.5
67,4/19/2022 0:10:02,18,Non-binary,Single,School Student,School,Yes,"Twitter, Instagram, YouTube, Reddit, TikTok",Between 2 and 3 hours,2,1,2,3,5,3,2,3,2,4,2,4,2.5
68,4/19/2022 0:11:52,14,Male,Single,School Student,School,Yes,Reddit,Between 1 and 2 hours,4,2,2,3,5,3,3,4,2,4,4,4,1.5
69,4/19/2022 0:15:22,25,Male,Single,University Student,University,Yes,"YouTube, Snapchat, Discord, Reddit",Between 3 and 4 hours,4,4,3,3,3,2,3,2,2,3,4,4,3.5
70,4/19/2022 0:18:43,33,Male,Married,Salaried Worker,Private,Yes,"Instagram, YouTube",Between 3 and 4 hours,2,4,3,2,2,2,1,1,1,1,2,2,3.5
71,4/19/2022 0:24:52,23,Male,Single,School Student,"University, Company",Yes,"Instagram, YouTube, Discord, Reddit",Between 2 and 3 hours,5,5,5,5,5,5,5,5,5,5,5,5,2.5
72,4/19/2022 0:28:13,14,Female,Single,School Student,School,Yes,"Twitter, Instagram, YouTube, Snapchat, Reddit, Pinterest, TikTok",More than 5 hours,4,4,2,2,4,2,4,2,4,4,4,5,5.2
73,4/19/2022 0:32:37,38,Male,Married,Salaried Worker,University,Yes,"Twitter, YouTube, Discord, Reddit",Between 1 and 2 hours,5,2,1,3,2,1,1,3,1,2,1,2,1.5
74,4/19/2022 1:16:34,23,Female,Single,Retired,,Yes,"Facebook, YouTube, Discord, Reddit",Between 4 and 5 hours,4,4,3,3,4,5,3,2,4,5,5,4,4.5
75,4/19/2022 1:41:19,26,Male,Single,Salaried Worker,Company,Yes,Reddit,Less than an Hour,2,1,1,3,2,1,1,1,1,2,3,4,0.9
76,4/19/2022 1:59:08,24,Male,Single,University Student,University,Yes,"Facebook, YouTube, Reddit",Between 2 and 3 hours,4,5,3,4,3,2,2,3,4,5,4,2,2.5
77,4/19/2022 2:06:40,21,Female,Single,University Student,University,Yes,"Facebook, Twitter, Instagram, YouTube, Snapchat, Discord, TikTok",Between 3 and 4 hours,4,3,4,4,5,4,5,1,2,4,4,2,3.5
78,4/19/2022 2:18:48,18,Female,Single,University Student,"University, Goverment, Private",Yes,"Facebook, YouTube, Reddit",Between 3 and 4 hours,4,3,3,3,5,5,4,3,1,5,5,5,3.5
79,4/19/2022 2:27:30,28,Male,Single,University Student,University,Yes,"Facebook, YouTube, Discord, Reddit",Between 3 and 4 hours,2,5,4,3,5,5,5,2,1,5,3,5,3.5
80,4/19/2022 2:58:24,22,Male,Single,University Student,,Yes,"Twitter, Instagram, YouTube, Snapchat, Discord, Reddit",Between 2 and 3 hours,4,4,4,5,5,5,3,3,1,4,4,5,2.5
81,4/19/2022 3:40:47,21,Male,Single,University Student,University,Yes,"Facebook, Instagram, YouTube, Snapchat, Discord, Reddit, Pinterest",More than 5 hours,4,4,2,5,4,4,3,3,2,1,5,4,5.2
82,4/19/2022 4:53:05,21,Male,Single,University Student,University,Yes,"Instagram, YouTube, Snapchat, Discord, Reddit",More than 5 hours,5,5,3,5,4,5,2,3,2,4,5,2,5.2
83,4/19/2022 5:20:55,21,Female,In a relationship,University Student,"University, Company, Private",Yes,"Facebook, Instagram, YouTube, Pinterest",Between 4 and 5 hours,3,5,5,5,3,5,4,4,3,4,5,5,4.5
84,4/19/2022 6:31:10,17,Male,Single,School Student,School,Yes,"Facebook, Twitter, Instagram, YouTube, Reddit",Between 2 and 3 hours,4,4,3,4,5,4,3,2,4,2,4,2,2.5
85,4/19/2022 7:10:09,24,NB,Single,Salaried Worker,,Yes,"YouTube, Reddit",Between 2 and 3 hours,4,3,2,3,5,2,3,2,2,4,3,1,2.5
86,4/19/2022 8:27:50,22,Female,In a relationship,University Student,University,Yes,"Facebook, YouTube",Between 1 and 2 hours,3,4,3,4,1,3,1,2,2,2,4,4,1.5
87,4/19/2022 8:36:53,32,Female,Married,Salaried Worker,Company,Yes,Reddit,Between 1 and 2 hours,4,3,2,5,2,5,2,4,1,1,2,1,1.5
88,4/19/2022 8:38:23,22,Male,Single,University Student,University,Yes,"Facebook, YouTube",Between 2 and 3 hours,5,4,2,2,1,3,1,3,5,3,2,2,2.5
89,4/19/2022 9:17:32,20,Female,In a relationship,University Student,University,Yes,"Facebook, Instagram, YouTube, Snapchat, Pinterest",Between 2 and 3 hours,4,5,4,5,5,5,4,2,4,5,5,4,2.5
90,4/19/2022 9:18:11,22,Male,In a relationship,University Student,University,Yes,"Facebook, Instagram, YouTube, Snapchat",Between 2 and 3 hours,3,5,2,4,4,4,2,3,2,4,4,3,2.5
91,4/19/2022 9:53:04,28,Female,Single,University Student,University,Yes,"Facebook, YouTube",Between 3 and 4 hours,4,5,4,5,5,5,2,3,2,4,5,2,3.5
92,4/19/2022 9:57:28,22,Female,Single,University Student,University,Yes,"Facebook, Twitter, Instagram, YouTube, Snapchat",More than 5 hours,4,3,3,4,5,4,1,3,2,4,2,1,5.2
93,4/19/2022 10:24:04,17,unsure ,Single,School Student,School,Yes,"Twitter, Instagram, YouTube, Snapchat, Discord, Reddit, TikTok",Between 4 and 5 hours,4,4,3,4,2,4,3,2,2,3,3,5,4.5
94,4/19/2022 10:25:50,30,Female,Single,Salaried Worker,University,Yes,Instagram,Between 4 and 5 hours,4,5,3,2,4,4,3,3,3,4,4,4,4.5
95,4/19/2022 10:59:42,22,Male,Single,University Student,University,Yes,"Facebook, Instagram, YouTube, Snapchat, Discord",More than 5 hours,5,5,1,3,2,5,2,1,1,3,1,5,5.2
96,4/19/2022 13:52:52,14,Male,Single,School Student,School,Yes,"Instagram, YouTube, Discord",Between 4 and 5 hours,5,5,2,4,2,3,1,3,1,1,3,5,4.5
97,4/19/2022 14:08:55,20,Male,Single,School Student,,Yes,"YouTube, Reddit",More than 5 hours,4,2,1,2,1,1,2,2,1,4,3,2,5.2
98,4/19/2022 14:21:22,22,Female,Single,School Student,University,Yes,"Facebook, Instagram, YouTube, Pinterest",More than 5 hours,4,4,4,4,4,5,5,3,4,5,5,3,5.2
99,4/19/2022 14:45:58,16,Male,Single,School Student,School,Yes,"Facebook, Instagram, YouTube, Snapchat, Discord, TikTok",Between 4 and 5 hours,4,5,2,5,3,4,3,1,4,2,1,3,4.5
100,4/19/2022 16:36:16,22,Female,In a relationship,University Student,"University, Company",Yes,"Facebook, Twitter, Instagram, YouTube",Between 2 and 3 hours,3,4,3,4,4,3,2,2,3,3,2,3,2.5
101,4/19/2022 19:13:19,22,Male,In a relationship,University Student,University,Yes,"Facebook, Twitter, Instagram, YouTube, Snapchat, Discord, Reddit, Pinterest",Between 1 and 2 hours,5,4,3,4,4,2,1,1,1,5,3,5,1.5
102,4/19/2022 19:30:11,22,Male,Single,University Student,University,Yes,Instagram,Between 3 and 4 hours,3,4,3,3,4,3,2,3,3,4,3,3,3.5
103,4/19/2022 19:31:05,22,Male,Single,University Student,University,Yes,"Facebook, Twitter, Instagram, YouTube, Snapchat, Pinterest",Between 1 and 2 hours,4,3,4,3,5,5,3,3,4,3,5,5,1.5
104,4/19/2022 19:39:34,21,Female,Single,University Student,University,Yes,"Facebook, Instagram, YouTube, Snapchat, Pinterest",Between 4 and 5 hours,2,3,4,3,3,3,3,4,4,1,3,3,4.5
105,4/19/2022 19:40:58,23,Female,Single,University Student,University,Yes,"Facebook, YouTube",Between 4 and 5 hours,2,3,4,3,3,3,3,4,3,2,4,5,4.5
106,4/19/2022 20:10:46,23,Female,Single,University Student,University,Yes,"Facebook, Instagram, TikTok",Between 2 and 3 hours,3,2,2,4,2,2,1,3,3,3,4,5,2.5
107,4/19/2022 20:13:21,48,Female,Married,Salaried Worker,School,Yes,"Facebook, YouTube",Between 1 and 2 hours,1,1,1,1,3,2,1,3,2,1,1,1,1.5
108,4/19/2022 20:16:27,21,Female,In a relationship,University Student,,Yes,"Facebook, Instagram, YouTube, Snapchat",Between 3 and 4 hours,3,2,1,3,2,3,2,1,3,2,2,5,3.5
109,4/19/2022 20:20:18,47,Female,Married,Salaried Worker,Goverment,Yes,"Facebook, Instagram, YouTube, Pinterest",Between 2 and 3 hours,4,3,3,3,2,2,2,3,3,3,3,3,2.5
110,4/19/2022 20:24:28,48,Male,Married,Salaried Worker,Private,Yes,"Facebook, Instagram, YouTube",Between 2 and 3 hours,3,3,4,4,4,4,4,3,3,2,3,3,2.5
111,4/19/2022 20:31:06,26,Female,Single,Salaried Worker,Private,Yes,"Facebook, Instagram, YouTube, Pinterest",More than 5 hours,4,5,4,4,5,3,5,4,3,4,2,3,5.2
112,4/19/2022 20:39:17,47,Male,Married,Salaried Worker,Company,Yes,"Facebook, YouTube",Between 2 and 3 hours,4,3,4,4,3,3,2,3,1,2,2,4,2.5
113,4/19/2022 20:42:18,47,Male,Married,Salaried Worker,"University, Private",Yes,"Facebook, Instagram, Snapchat",Between 1 and 2 hours,2,4,3,3,3,3,3,3,2,2,3,4,1.5
114,4/19/2022 20:45:14,27,Female,Single,Salaried Worker,School,Yes,"Facebook, Instagram, YouTube, Snapchat",More than 5 hours,2,5,4,4,3,2,5,1,4,4,4,1,5.2
115,4/19/2022 20:52:58,34,Female,Married,Salaried Worker,School,Yes,Facebook,More than 5 hours,5,5,4,5,3,1,3,3,3,2,5,4,5.2
116,4/19/2022 21:02:46,20,Female,Single,University Student,University,Yes,"Facebook, Instagram",Between 2 and 3 hours,5,5,5,5,5,5,3,1,1,3,3,5,2.5
117,4/19/2022 21:07:16,22,Female,Single,University Student,University,Yes,Facebook,More than 5 hours,5,4,5,4,5,4,3,3,4,3,3,4,5.2
118,4/19/2022 21:10:27,23,Female,In a relationship,University Student,University,Yes,"Facebook, Instagram, YouTube, Snapchat, Discord, TikTok",More than 5 hours,5,5,5,5,5,4,5,5,4,5,4,5,5.2
119,4/19/2022 21:10:51,20,Male,Single,University Student,University,Yes,"Facebook, Instagram, YouTube",Between 4 and 5 hours,4,5,3,4,3,5,2,3,3,4,4,5,4.5
120,4/19/2022 21:12:27,48,Female,Married,Salaried Worker,Private,Yes,"Facebook, Instagram",Less than an Hour,2,4,1,3,2,1,1,3,2,1,1,1,0.9
121,4/19/2022 21:12:34,20,Female,Single,University Student,University,Yes,"Facebook, Instagram, YouTube, TikTok",Between 3 and 4 hours,4,3,1,2,4,2,4,2,1,3,3,3,3.5
122,4/19/2022 21:15:10,20,Female,Single,University Student,University,Yes,"Facebook, YouTube, Snapchat, Pinterest",Between 4 and 5 hours,4,5,5,5,2,5,2,3,1,5,4,3,4.5
123,4/19/2022 21:15:51,22,Female,Single,University Student,University,Yes,"Facebook, Instagram, YouTube, Snapchat",More than 5 hours,4,5,4,5,5,5,3,1,1,4,2,2,5.2
124,4/19/2022 21:26:38,22,Female,Single,University Student,"University, N/A",Yes,Instagram,More than 5 hours,5,5,3,3,2,3,4,5,4,1,4,1,5.2
125,4/19/2022 21:27:41,20,Female,Single,University Student,Goverment,Yes,"Facebook, Instagram, YouTube, Snapchat",More than 5 hours,4,4,3,5,4,3,2,2,2,4,5,3,5.2
126,4/19/2022 21:32:40,24,Male,Single,University Student,University,Yes,"Facebook, Twitter, Instagram, YouTube, Snapchat, Discord",Between 2 and 3 hours,1,1,3,3,4,4,3,3,2,4,4,4,2.5
127,4/19/2022 21:38:30,23,Female,Single,University Student,University,Yes,"Facebook, Instagram, YouTube, Snapchat, Pinterest, TikTok",More than 5 hours,3,2,4,3,5,3,5,1,4,4,2,5,5.2
128,4/19/2022 21:47:26,20,Female,Single,University Student,,Yes,"Facebook, Instagram, YouTube",Between 3 and 4 hours,5,2,1,2,1,1,5,1,1,4,5,3,3.5
129,4/19/2022 21:48:13,16,Male,Single,School Student,School,Yes,"Instagram, YouTube, Snapchat, Pinterest",Between 2 and 3 hours,3,1,2,3,3,2,2,4,1,3,3,2,2.5
130,4/19/2022 21:50:59,50,Female,Single,Salaried Worker,School,Yes,"Facebook, Instagram, YouTube, Discord, Pinterest",Between 2 and 3 hours,2,1,1,3,3,2,1,4,3,1,1,4,2.5
131,4/19/2022 21:51:39,47,Male,Married,Salaried Worker,Private,Yes,"Facebook, YouTube",Between 1 and 2 hours,4,2,2,3,2,1,4,2,3,3,2,2,1.5
132,4/19/2022 21:55:45,24,Male,Single,Salaried Worker,Private,Yes,"Facebook, Twitter, Instagram, YouTube",Between 2 and 3 hours,3,3,2,3,4,3,2,4,2,3,1,4,2.5
133,4/19/2022 21:57:38,38,Female,Married,Salaried Worker,School,Yes,Facebook,Less than an Hour,3,2,3,2,2,1,3,1,1,2,1,1,0.9
134,4/19/2022 22:04:03,50,Male,Divorced,Salaried Worker,Private,No,"Instagram, YouTube",Between 1 and 2 hours,2,1,1,2,2,2,1,4,1,2,2,1,1.5
135,4/19/2022 22:09:58,49,Male,Married,Retired,Private,Yes,"Facebook, Twitter, Instagram, YouTube, Pinterest",Between 4 and 5 hours,5,5,3,3,4,3,3,3,3,4,4,5,4.5
136,4/19/2022 22:19:43,47,Female,Married,Salaried Worker,Goverment,Yes,"Facebook, YouTube, Pinterest",Between 2 and 3 hours,3,3,3,3,3,2,1,3,1,1,1,4,2.5
137,4/19/2022 22:22:21,48,Female,Married,Salaried Worker,"Company, Private",Yes,"Facebook, Twitter, Instagram, YouTube, Pinterest",Between 2 and 3 hours,3,3,1,3,1,1,1,1,1,1,1,1,2.5
138,4/19/2022 22:23:48,51,Male,Married,Salaried Worker,Private,Yes,"Facebook, Twitter, Instagram, YouTube, Snapchat, Pinterest",Between 1 and 2 hours,4,3,2,3,3,4,3,3,3,3,3,3,1.5
139,4/19/2022 22:31:52,50,Male,Married,Salaried Worker,Company,Yes,"Facebook, Twitter, Instagram, YouTube",Between 3 and 4 hours,4,3,4,5,5,4,3,4,3,4,4,2,3.5
140,4/19/2022 22:39:43,47,Female,Married,Salaried Worker,Private,Yes,"Facebook, Twitter, Instagram, YouTube, Pinterest",Between 3 and 4 hours,3,2,2,2,2,2,3,4,1,1,2,1,3.5
141,4/19/2022 22:42:36,27,Female,Married,Salaried Worker,Private,Yes,"Facebook, Instagram, YouTube",Between 4 and 5 hours,4,5,2,5,5,5,5,2,3,3,5,4,4.5
142,4/19/2022 22:44:02,40,Female,Single,Salaried Worker,Private,Yes,"Facebook, Twitter, Instagram, YouTube",Between 1 and 2 hours,4,2,1,2,4,3,3,3,3,4,3,1,1.5
143,4/19/2022 22:45:25,46,Male,Divorced,Salaried Worker,Private,Yes,"Facebook, Twitter, Instagram, YouTube, Snapchat",Less than an Hour,3,1,1,1,2,1,1,3,5,2,2,2,0.9
144,4/19/2022 22:49:44,21,Female,Single,University Student,"University, Private",Yes,"Facebook, Instagram, YouTube, Snapchat, Discord",Between 4 and 5 hours,4,3,4,3,3,2,5,2,3,5,5,5,4.5
145,4/19/2022 22:50:36,47,Female,Married,Salaried Worker,Private,Yes,Facebook,Between 1 and 2 hours,4,4,3,3,2,2,4,2,3,3,3,3,1.5
146,4/19/2022 23:13:52,20,Female,In a relationship,University Student,University,Yes,"Facebook, Twitter, Instagram, YouTube, Snapchat, Discord, Pinterest",More than 5 hours,4,4,3,4,4,4,5,1,4,4,3,4,5.2
147,4/19/2022 23:23:50,47,Female,Married,Salaried Worker,University,Yes,"Facebook, Twitter, Instagram, YouTube",Between 1 and 2 hours,3,4,3,4,5,4,2,2,1,2,3,2,1.5
148,4/19/2022 23:28:22,48,Male,Married,Salaried Worker,Private,Yes,"Facebook, Instagram, YouTube",Between 3 and 4 hours,3,3,3,3,2,2,3,3,3,2,3,2,3.5
149,4/19/2022 23:28:51,49,Male,Married,Salaried Worker,Company,Yes,"Facebook, YouTube",Between 4 and 5 hours,4,3,2,2,2,2,2,4,2,2,2,4,4.5
150,4/19/2022 23:38:51,21,Male,In a relationship,University Student,"University, Private",Yes,"Facebook, YouTube, Discord",Between 3 and 4 hours,3,2,1,1,2,2,2,4,3,2,2,2,3.5
151,4/19/2022 23:43:46,32,Female,Married,Salaried Worker,School,Yes,"Facebook, Instagram, YouTube, Discord, Pinterest",Between 4 and 5 hours,5,2,4,3,2,1,1,5,1,1,2,5,4.5
152,4/19/2022 23:51:19,47,Female,Married,Salaried Worker,University,Yes,"Twitter, Instagram, YouTube",Between 2 and 3 hours,3,1,2,3,2,2,3,3,2,2,2,3,2.5
153,4/19/2022 23:53:34,50,Male,Married,Salaried Worker,Private,Yes,"Facebook, Twitter, YouTube",Between 1 and 2 hours,1,1,2,3,2,2,1,1,3,3,2,2,1.5
154,4/20/2022 0:00:36,48,Male,Divorced,Salaried Worker,Private,Yes,"Facebook, Twitter, Instagram, YouTube",Less than an Hour,5,1,1,2,4,2,1,3,3,4,2,5,0.9
155,4/20/2022 0:07:24,21,Female,In a relationship,University Student,"University, Company, Private",Yes,"Facebook, Instagram, YouTube, Pinterest",Between 3 and 4 hours,2,2,1,5,4,5,3,3,2,3,5,4,3.5
156,4/20/2022 0:24:10,47,Male,Married,Salaried Worker,Company,Yes,Twitter,Less than an Hour,1,1,2,5,3,4,2,3,1,2,4,4,0.9
157,4/20/2022 0:25:32,36,Female,Married,Salaried Worker,School,Yes,YouTube,Between 2 and 3 hours,3,2,1,2,4,4,1,1,1,1,1,4,2.5
158,4/20/2022 0:50:06,37,Female,Married,Retired,Private,Yes,"Facebook, Instagram, YouTube",Between 1 and 2 hours,3,1,2,2,1,3,1,2,2,4,2,4,1.5
159,4/20/2022 1:10:35,19,Female,In a relationship,School Student,School,Yes,Facebook,Between 4 and 5 hours,5,4,4,3,5,4,2,5,4,4,5,5,4.5
160,4/20/2022 1:48:34,30,Male,In a relationship,Salaried Worker,Company,Yes,"Facebook, Instagram, YouTube",Between 1 and 2 hours,4,2,1,2,2,1,4,2,2,2,2,5,1.5
161,4/20/2022 2:03:04,48,Male,Married,Salaried Worker,Private,Yes,"Facebook, Twitter, Instagram, YouTube, Snapchat, Discord, Reddit, Pinterest, TikTok",Less than an Hour,3,1,1,1,1,1,5,3,2,1,5,2,0.9
162,4/20/2022 2:07:23,48,Female,Married,Retired,,Yes,"Facebook, Instagram, YouTube, Pinterest, TikTok",More than 5 hours,4,5,5,5,4,5,3,3,2,3,5,4,5.2
163,4/20/2022 3:54:33,48,Male,Married,Salaried Worker,Company,Yes,"Twitter, YouTube",Between 3 and 4 hours,3,2,3,3,4,3,2,3,2,3,3,4,3.5
164,4/20/2022 4:20:29,47,Male,Married,Salaried Worker,"University, Company",Yes,"Twitter, Instagram, YouTube, Reddit, TikTok",Between 2 and 3 hours,3,2,3,5,5,5,2,5,2,3,2,4,2.5
165,4/20/2022 4:42:46,47,Female,Married,Salaried Worker,Company,Yes,"Facebook, Twitter",Less than an Hour,2,2,2,3,2,2,4,3,2,2,2,2,0.9
166,4/20/2022 5:54:28,48,Male,Married,Salaried Worker,,Yes,"Facebook, YouTube, Pinterest",Less than an Hour,5,1,1,2,2,1,1,1,1,2,1,4,0.9
167,4/20/2022 6:15:52,21,Male,Single,University Student,"School, University, Private",Yes,"Facebook, Twitter, Instagram, YouTube, Pinterest",Between 2 and 3 hours,2,4,2,3,2,1,3,5,3,2,1,4,2.5
168,4/20/2022 6:28:00,48,Male,Married,Salaried Worker,Private,Yes,"Twitter, YouTube",Between 1 and 2 hours,2,2,1,2,1,1,2,3,1,1,2,2,1.5
169,4/20/2022 7:20:45,21,Male,In a relationship,University Student,University,Yes,"Facebook, Twitter, Instagram, YouTube, Snapchat, Discord",Less than an Hour,2,3,2,4,3,3,2,3,1,2,2,1,0.9
170,4/20/2022 7:35:16,20,Male,Single,University Student,University,Yes,"Twitter, Instagram, YouTube, Snapchat, Discord, Reddit, TikTok",More than 5 hours,5,5,5,4,2,4,3,3,1,3,3,4,5.2
171,4/20/2022 8:37:47,20,Female,Single,University Student,University,Yes,"Facebook, YouTube",Between 3 and 4 hours,4,5,4,4,5,5,5,2,2,3,4,4,3.5
172,4/20/2022 10:51:46,20,Male,Single,University Student,University,Yes,"Facebook, Instagram, YouTube",Between 1 and 2 hours,5,5,2,3,4,5,3,2,4,5,5,5,1.5
173,4/20/2022 11:25:38,21,Female,Single,University Student,,Yes,"Facebook, Instagram, YouTube, Snapchat",Between 1 and 2 hours,4,4,4,4,4,2,4,3,4,3,3,1,1.5
174,4/20/2022 11:43:27,20,Female,In a relationship,University Student,University,Yes,"Instagram, YouTube, Pinterest",Between 4 and 5 hours,4,3,5,5,4,4,5,4,3,4,4,5,4.5
175,4/20/2022 12:16:04,47,Male,Married,Salaried Worker,Company,Yes,"Twitter, Instagram, YouTube, Reddit, TikTok",Between 2 and 3 hours,4,3,3,2,4,3,1,2,1,1,2,1,2.5
176,4/20/2022 13:24:21,35,Female,Divorced,Salaried Worker,School,Yes,"Facebook, YouTube",Less than an Hour,3,2,1,1,1,1,1,3,4,1,1,1,0.9
177,4/20/2022 13:24:25,23,Female,Single,University Student,University,Yes,Pinterest,Between 3 and 4 hours,5,3,3,4,3,5,1,3,3,4,3,5,3.5
178,4/20/2022 13:43:09,21,Female,Single,University Student,University,Yes,"Facebook, Twitter, Instagram, YouTube, Snapchat, Pinterest",Between 4 and 5 hours,3,5,4,5,5,4,3,2,1,3,5,5,4.5
179,4/20/2022 14:41:02,21,Female,In a relationship,University Student,University,Yes,"Facebook, Instagram, YouTube, Pinterest",Between 2 and 3 hours,3,2,5,2,4,1,3,2,4,4,2,1,2.5
180,4/20/2022 16:11:22,37,Female,Married,Salaried Worker,University,Yes,"Facebook, YouTube",Between 1 and 2 hours,5,4,4,3,5,2,5,2,2,4,4,5,1.5
181,4/20/2022 16:37:53,48,Male,Married,Salaried Worker,Company,Yes,"Facebook, Twitter, Instagram, YouTube",Between 1 and 2 hours,4,2,2,3,2,2,2,3,3,3,3,4,1.5
182,4/20/2022 16:44:37,47,Male,Married,Salaried Worker,Goverment,Yes,"Facebook, YouTube, TikTok",Less than an Hour,3,1,1,2,4,2,3,3,2,1,2,3,0.9
183,4/20/2022 17:44:50,25,Female,Married,Salaried Worker,Company,Yes,"Facebook, Twitter, Instagram, YouTube, Reddit, Pinterest, TikTok",Between 4 and 5 hours,3,4,5,4,5,4,2,4,4,5,3,2,4.5
184,4/20/2022 18:14:32,22,Female,In a relationship,University Student,University,Yes,"Facebook, Twitter, Instagram, YouTube, Snapchat, Discord, Pinterest, TikTok",More than 5 hours,5,5,4,5,4,3,2,3,3,3,4,4,5.2
185,4/20/2022 19:24:38,45,Male,Married,Salaried Worker,Private,Yes,"Facebook, YouTube",Between 2 and 3 hours,3,2,3,3,3,3,3,2,2,2,2,2,2.5
186,4/20/2022 19:28:00,47,Male,Married,Salaried Worker,"Company, Private",Yes,"Instagram, YouTube",Between 1 and 2 hours,4,3,2,4,3,2,2,3,3,3,2,1,1.5
187,4/20/2022 21:11:51,47,Female,Single,Salaried Worker,Company,Yes,"Facebook, Twitter, Instagram, YouTube, Pinterest",Between 4 and 5 hours,4,5,2,3,3,1,3,3,1,3,3,1,4.5
188,4/20/2022 21:18:36,24,Female,Married,University Student,Private,Yes,"Facebook, Instagram, Pinterest",More than 5 hours,5,3,4,3,4,5,3,3,3,4,3,4,5.2
189,4/20/2022 22:01:52,21,Female,In a relationship,University Student,University,Yes,Instagram,Between 2 and 3 hours,5,5,5,5,1,5,2,5,5,2,5,5,2.5
190,4/20/2022 22:07:43,22,Female,Single,University Student,University,Yes,"Facebook, YouTube, Discord, Reddit, Pinterest",Between 2 and 3 hours,3,2,2,2,2,2,1,3,3,4,2,1,2.5
191,4/20/2022 22:17:29,19,Female,Single,School Student,School,Yes,"Facebook, Instagram, YouTube, Snapchat, Discord, Pinterest, TikTok",Between 2 and 3 hours,3,4,3,3,3,3,3,5,3,4,3,1,2.5
192,4/20/2022 22:37:04,21,Female,In a relationship,University Student,University,Yes,"Facebook, Instagram, YouTube, Snapchat",Between 4 and 5 hours,3,3,2,4,2,4,3,2,1,4,4,4,4.5
193,4/20/2022 22:50:55,22,Female,In a relationship,University Student,University,Yes,"Facebook, Instagram, YouTube, Snapchat",More than 5 hours,5,3,3,3,5,3,2,3,4,5,3,4,5.2
194,4/20/2022 22:53:30,20,Male,Single,University Student,,Yes,"Facebook, Instagram, YouTube, Snapchat, Discord, TikTok",Between 3 and 4 hours,4,5,4,4,5,4,1,3,4,4,5,5,3.5
195,4/20/2022 23:07:20,42,Female,Married,Salaried Worker,School,Yes,"Facebook, Instagram, YouTube, Discord, Pinterest",Between 2 and 3 hours,3,1,1,1,1,1,1,3,1,1,3,1,2.5
196,4/20/2022 23:15:45,35,Female,Married,Salaried Worker,School,Yes,Facebook,Between 2 and 3 hours,5,3,2,2,1,3,2,4,1,3,2,2,2.5
197,4/20/2022 23:32:12,38,Male,Married,Salaried Worker,University,Yes,"Facebook, Twitter, YouTube, Discord, Reddit",Between 4 and 5 hours,3,3,3,2,3,2,3,4,3,2,2,2,4.5
198,4/20/2022 23:45:22,17,Male,Single,School Student,School,Yes,"Facebook, Instagram, YouTube",Less than an Hour,2,2,2,2,2,1,1,2,1,1,1,2,0.9
199,4/20/2022 23:51:18,32,Male,Married,Salaried Worker,"Company, Private",Yes,"Facebook, YouTube, Discord, Reddit",Between 1 and 2 hours,3,1,3,2,2,1,1,3,1,1,2,1,1.5
200,4/21/2022 0:36:13,21,Female,Single,University Student,University,Yes,"Facebook, Twitter, Instagram, YouTube, Snapchat, Discord",Between 1 and 2 hours,3,3,2,5,4,5,4,2,2,2,3,2,1.5
201,4/21/2022 0:49:07,22,Male,In a relationship,University Student,"University, Private",Yes,"Facebook, Instagram, YouTube, Snapchat, Discord, Reddit",Between 3 and 4 hours,4,2,2,2,4,3,2,4,2,3,2,5,3.5
202,4/21/2022 0:59:28,27,Female,Married,University Student,University,Yes,"Facebook, Instagram, YouTube",More than 5 hours,5,5,3,3,3,3,1,3,1,3,3,4,5.2
203,4/21/2022 1:33:04,21,Male,In a relationship,University Student,University,Yes,"Facebook, Instagram, YouTube, Discord, Reddit, TikTok",Between 3 and 4 hours,4,5,3,5,5,5,5,2,4,3,5,3,3.5
204,4/21/2022 1:39:06,27,Male,Married,Salaried Worker,"University, Company",Yes,"Facebook, Discord, Reddit",More than 5 hours,5,5,5,5,5,5,1,3,1,5,5,5,5.2
205,4/21/2022 1:44:22,20,Male,Single,School Student,School,Yes,"Instagram, Discord, Reddit, Pinterest, TikTok",Between 2 and 3 hours,3,2,3,2,3,2,3,2,3,2,1,4,2.5
206,4/21/2022 2:29:40,27,Female,Married,Salaried Worker,Private,Yes,"Facebook, Instagram, YouTube",Between 3 and 4 hours,4,4,4,5,4,3,2,2,1,1,3,2,3.5
207,4/21/2022 3:27:50,24,Male,Single,University Student,"University, Company",Yes,"Facebook, Instagram, YouTube, Discord",Between 3 and 4 hours,5,5,5,5,1,5,5,4,1,5,5,4,3.5
208,4/21/2022 4:54:21,26,Female,Single,Salaried Worker,Private,Yes,"Facebook, Instagram, YouTube, Snapchat, Pinterest",Between 2 and 3 hours,3,2,1,1,1,1,1,1,1,1,1,1,2.5
209,4/21/2022 7:09:09,20,Female,Single,University Student,University,Yes,"Twitter, Instagram, YouTube, Snapchat, Discord, Reddit, Pinterest, TikTok",Between 3 and 4 hours,2,1,1,2,5,3,5,4,3,4,3,4,3.5
210,4/21/2022 10:12:51,31,Male,Single,Salaried Worker,School,Yes,"Facebook, Instagram, YouTube, Discord",Between 2 and 3 hours,3,3,3,3,4,3,4,4,4,3,3,2,2.5
211,4/21/2022 10:40:52,21,Male,Single,University Student,University,Yes,"YouTube, Discord, Reddit",More than 5 hours,5,1,1,1,1,1,1,3,1,1,1,1,5.2
212,4/21/2022 13:23:38,34,Male,Married,Salaried Worker,Private,Yes,"Facebook, YouTube, TikTok",More than 5 hours,5,3,2,3,3,4,4,4,5,5,5,5,5.2
213,4/21/2022 13:36:29,22,Male,Single,University Student,University,Yes,"Facebook, YouTube, Snapchat",Less than an Hour,1,1,1,1,1,1,1,1,1,1,1,1,0.9
214,4/21/2022 13:44:53,20,Female,In a relationship,University Student,,Yes,Instagram,More than 5 hours,3,3,1,3,5,3,2,3,5,4,5,1,5.2
215,4/21/2022 15:26:24,23,Male,In a relationship,University Student,"University, Company",Yes,"Facebook, Twitter, Instagram, YouTube, Discord, Reddit",Between 4 and 5 hours,4,2,1,1,3,1,1,3,1,3,2,1,4.5
216,4/21/2022 15:57:19,48,Male,Married,Salaried Worker,Private,Yes,"Facebook, YouTube",Less than an Hour,1,1,1,1,1,1,5,5,3,1,1,1,0.9
217,4/21/2022 17:47:15,37,Male,Married,Salaried Worker,Private,Yes,"Facebook, YouTube",Between 1 and 2 hours,4,4,1,3,4,4,4,4,3,2,3,2,1.5
218,4/21/2022 19:19:40,22,Male,Single,University Student,University,Yes,"Facebook, Instagram, YouTube, Snapchat",Between 1 and 2 hours,3,3,2,3,4,4,4,4,3,5,4,4,1.5
219,4/21/2022 19:35:44,50,Male,Single,Salaried Worker,,Yes,Facebook,Between 1 and 2 hours,3,2,3,3,3,5,4,5,5,2,4,3,1.5
220,4/21/2022 20:26:35,21,Female,In a relationship,University Student,University,Yes,"Facebook, Twitter, Instagram, YouTube, Snapchat",More than 5 hours,4,4,4,5,5,5,4,2,3,3,4,4,5.2
221,4/21/2022 20:31:47,23,Female,Single,University Student,"University, Goverment",Yes,"Facebook, Twitter, Instagram, YouTube, Snapchat, Discord, Pinterest",Between 2 and 3 hours,4,4,1,3,2,2,1,2,1,2,4,1,2.5
222,4/21/2022 20:47:50,21,Female,Single,University Student,University,Yes,"Facebook, YouTube",Between 1 and 2 hours,4,3,1,3,4,3,5,2,3,3,4,3,1.5
223,4/21/2022 22:29:45,22,Female,Single,University Student,University,Yes,"Facebook, Twitter, Instagram, YouTube, Snapchat, Discord, Pinterest",Between 3 and 4 hours,3,3,3,3,3,2,2,3,3,3,3,3,3.5
224,4/21/2022 23:02:13,22,Female,In a relationship,University Student,University,Yes,Facebook,More than 5 hours,3,1,4,4,3,4,3,4,3,4,4,3,5.2
225,4/21/2022 23:02:18,22,Female,In a relationship,University Student,University,Yes,"Facebook, Instagram, YouTube, Snapchat, TikTok",More than 5 hours,2,5,3,3,3,4,5,3,3,2,4,3,5.2
226,4/21/2022 23:11:32,19,Female,Single,University Student,University,Yes,"Facebook, Instagram, YouTube, Snapchat, Discord, Pinterest",Between 3 and 4 hours,5,4,5,3,5,4,5,1,5,4,4,3,3.5
227,4/22/2022 0:24:31,23,Female,Single,University Student,University,Yes,"Facebook, Instagram, YouTube",Between 2 and 3 hours,5,5,3,5,3,5,1,3,2,2,2,5,2.5
228,4/22/2022 2:35:48,46,Male,Married,Salaried Worker,"Company, Private",Yes,"Facebook, YouTube",Less than an Hour,2,1,1,1,1,1,1,2,1,1,3,4,0.9
229,4/22/2022 8:35:39,21,Male,In a relationship,University Student,University,Yes,"Facebook, Instagram, YouTube",More than 5 hours,4,5,3,4,4,4,3,3,4,4,4,5,5.2
230,4/22/2022 11:56:05,24,Female,In a relationship,University Student,University,Yes,"Facebook, Instagram, YouTube, Discord",More than 5 hours,2,3,1,2,4,3,4,4,3,4,1,1,5.2
231,4/22/2022 13:31:47,20,Female,Single,University Student,University,Yes,"Facebook, Instagram, YouTube",Less than an Hour,3,1,1,1,2,2,5,1,2,1,3,1,0.9
232,4/22/2022 22:00:05,25,Male,Single,University Student,University,Yes,YouTube,Between 1 and 2 hours,5,5,1,1,2,3,4,5,3,5,2,5,1.5
233,4/22/2022 22:26:55,21,Female,Single,University Student,"University, Company, Goverment",Yes,"Facebook, YouTube, Discord, Pinterest",Between 3 and 4 hours,2,1,1,2,2,1,1,1,1,1,1,1,3.5
234,4/24/2022 5:23:27,23,Male,In a relationship,University Student,University,Yes,"Facebook, Twitter, Instagram, YouTube, Discord, Reddit, TikTok",More than 5 hours,4,4,3,5,4,4,4,2,1,4,4,3,5.2
235,4/26/2022 3:01:10,22,Female,In a relationship,Salaried Worker,Company,Yes,"Instagram, YouTube, Discord, Reddit, TikTok",More than 5 hours,5,4,4,4,4,3,4,4,4,4,5,1,5.2
236,4/26/2022 21:59:19,36,Male,Married,Salaried Worker,University,Yes,"Facebook, Instagram, YouTube, Pinterest",Less than an Hour,2,1,1,2,3,1,3,3,1,2,1,1,0.9
237,4/26/2022 22:13:41,22,Female,Single,University Student,University,Yes,"Facebook, Instagram, YouTube, Snapchat, Pinterest, TikTok",Between 2 and 3 hours,5,5,3,5,5,2,3,1,2,5,3,5,2.5
238,4/26/2022 23:02:27,69,Trans,Divorced,Salaried Worker,,Yes,TikTok,More than 5 hours,5,5,5,5,5,5,5,5,5,5,5,5,5.2
239,4/26/2022 23:15:02,25,Female,Single,Salaried Worker,University,Yes,"Facebook, Instagram, YouTube",Between 4 and 5 hours,3,4,2,5,5,1,5,1,5,4,5,5,4.5
240,4/26/2022 23:32:48,22,Female,Single,University Student,University,Yes,"Facebook, Twitter, Instagram, YouTube, Snapchat, TikTok",Between 4 and 5 hours,4,2,1,5,4,3,5,1,4,4,4,2,4.5
241,4/26/2022 23:56:35,23,Male,Single,University Student,"University, N/A",Yes,"Facebook, Instagram, YouTube, Snapchat, Discord, TikTok",Between 3 and 4 hours,3,4,2,5,5,5,5,4,4,2,3,4,3.5
242,4/27/2022 2:12:12,23,Male,Single,University Student,University,Yes,"Facebook, Instagram",Less than an Hour,3,2,1,3,4,3,3,3,2,3,2,5,0.9
243,05-11-2022 19:06,19,Female,Single,School Student,University,Yes,"Facebook, Instagram, YouTube, Discord",Between 3 and 4 hours,5,3,2,3,5,5,2,3,3,3,5,5,3.5
244,05-11-2022 19:07,21,Female,Single,University Student,"School, University, Private",Yes,"Facebook, Instagram, YouTube, Snapchat, Discord, Reddit",Between 1 and 2 hours,3,5,2,4,2,2,1,4,2,3,2,3,1.5
245,05-11-2022 19:09,27,Female,In a relationship,Salaried Worker,Private,Yes,"Facebook, Instagram, YouTube, Snapchat",Between 4 and 5 hours,5,5,3,4,4,4,4,2,3,4,4,2,4.5
246,05-11-2022 19:16,25,Female,Single,University Student,University,Yes,"Facebook, YouTube, Discord",More than 5 hours,4,3,1,2,4,3,4,2,2,4,2,1,5.2
247,05-11-2022 19:19,20,Female,Single,University Student,University,Yes,"Facebook, Instagram, YouTube, Snapchat",Between 2 and 3 hours,4,2,1,3,4,1,1,5,1,2,2,3,2.5
248,05-11-2022 19:27,34,Female,Married,Salaried Worker,School,Yes,Facebook,Between 1 and 2 hours,2,5,1,1,1,5,2,3,5,1,2,1,1.5
249,05-11-2022 19:30,23,Female,Single,University Student,University,Yes,"Facebook, Instagram, YouTube, Snapchat, Discord, Pinterest",More than 5 hours,5,5,3,3,5,3,3,4,3,4,5,4,5.2
250,05-11-2022 19:31,34,Female,Married,Salaried Worker,School,Yes,Facebook,Between 1 and 2 hours,2,2,1,1,1,1,2,1,1,1,1,1,1.5
251,05-11-2022 19:35,26,Female,Single,Salaried Worker,,Yes,"Facebook, Instagram, YouTube, Discord, Pinterest, TikTok",Between 4 and 5 hours,5,5,3,5,5,5,3,3,3,5,4,4,4.5
252,05-11-2022 19:45,25,Male,Single,University Student,University,Yes,"Facebook, Twitter, Instagram, YouTube, Snapchat, Discord, Pinterest, TikTok",Between 4 and 5 hours,4,5,2,5,1,5,2,3,4,5,1,5,4.5
253,05-11-2022 19:47,22,Female,Married,University Student,University,Yes,"Facebook, Instagram, YouTube, Pinterest",Between 2 and 3 hours,5,4,2,3,3,2,1,3,2,2,3,3,2.5
254,05-11-2022 19:47,20,Male,Single,University Student,University,Yes,"Facebook, Twitter, Instagram, YouTube, Snapchat, Discord, Reddit",Less than an Hour,4,2,1,3,5,2,1,4,2,2,4,2,0.9
255,05-11-2022 19:47,23,Female,Single,University Student,University,Yes,"Facebook, Instagram, YouTube, Snapchat",More than 5 hours,4,5,3,4,5,5,5,1,3,3,4,5,5.2
256,05-11-2022 19:48,91,Female,Single,University Student,University,Yes,"Facebook, Instagram, YouTube, Snapchat, Discord",Between 2 and 3 hours,2,5,4,4,5,5,5,1,5,5,5,5,2.5
257,05-11-2022 19:51,22,Female,Single,University Student,University,Yes,"Facebook, Instagram, YouTube, Snapchat, Discord",Between 4 and 5 hours,4,1,2,1,1,1,1,2,1,1,2,3,4.5
258,05-11-2022 19:51,23,Female,Single,University Student,"University, N/A",Yes,"Facebook, Instagram, YouTube, TikTok",More than 5 hours,3,3,2,3,3,4,3,3,4,4,3,2,5.2
259,05-11-2022 19:58,21,Female,In a relationship,University Student,"University, Company",Yes,"Facebook, Instagram, Discord",Between 2 and 3 hours,2,3,4,2,3,4,2,4,2,3,1,4,2.5
260,05-11-2022 20:12,36,Female,Married,Salaried Worker,,Yes,"Facebook, YouTube, Snapchat",Between 1 and 2 hours,4,1,1,2,2,1,1,3,2,2,3,3,1.5
261,05-11-2022 20:13,21,Female,In a relationship,University Student,University,Yes,"Facebook, Instagram, YouTube, Snapchat, Discord, TikTok",Between 2 and 3 hours,3,3,2,3,5,4,3,3,3,5,5,4,2.5
262,05-11-2022 20:15,22,Female,Single,University Student,University,Yes,"Facebook, Instagram, YouTube",Between 1 and 2 hours,2,2,2,2,2,3,4,3,3,3,2,2,1.5
263,05-11-2022 20:15,22,Male,Single,University Student,University,Yes,"Facebook, Twitter, Instagram, YouTube, Discord, Reddit, Pinterest, TikTok",More than 5 hours,4,4,3,4,2,4,4,3,4,3,4,3,5.2
264,05-11-2022 20:17,22,Female,Single,University Student,University,Yes,"Facebook, Instagram, YouTube, Snapchat",More than 5 hours,5,2,5,4,4,4,4,3,2,2,3,2,5.2
265,05-11-2022 20:18,20,Female,Single,University Student,University,Yes,"Facebook, Instagram, YouTube, Discord",Between 3 and 4 hours,3,3,3,3,4,3,4,3,3,3,3,2,3.5
266,05-11-2022 20:19,26,Female,In a relationship,Salaried Worker,Private,Yes,"Facebook, Twitter, Instagram, YouTube",More than 5 hours,4,4,1,3,3,2,2,4,1,2,2,4,5.2
267,05-11-2022 20:34,21,Male,Single,University Student,University,Yes,YouTube,Between 2 and 3 hours,3,3,2,5,5,4,2,3,2,4,2,4,2.5
268,05-11-2022 20:35,20,Female,Single,University Student,"University, Private",Yes,"Facebook, Instagram, YouTube, Snapchat, Pinterest, TikTok",More than 5 hours,4,5,3,5,5,5,2,3,1,3,4,5,5.2
269,05-11-2022 20:36,21,Female,In a relationship,University Student,"School, University, Private",Yes,"Facebook, Twitter, YouTube, Discord, Pinterest",More than 5 hours,3,2,1,2,3,1,1,3,1,3,3,2,5.2
270,05-11-2022 20:39,19,Female,Single,School Student,School,Yes,"Facebook, Twitter, Instagram, YouTube, Snapchat, Discord, Reddit, Pinterest, TikTok",More than 5 hours,3,2,1,5,2,3,1,3,1,2,1,5,5.2
271,05-11-2022 20:41,20,Female,Single,University Student,University,Yes,"Facebook, Instagram, YouTube, Snapchat, Discord, Pinterest, TikTok",More than 5 hours,4,5,5,5,5,5,5,1,4,5,5,5,5.2
272,05-11-2022 20:45,22,Female,Single,University Student,"University, Private",Yes,"Facebook, Twitter, Instagram, YouTube, Snapchat, Discord, Reddit, Pinterest, TikTok",Between 3 and 4 hours,5,4,3,4,4,3,2,3,4,3,3,4,3.5
273,05-11-2022 20:50,23,Male,Single,University Student,"School, University",Yes,"YouTube, Discord, Reddit",Between 1 and 2 hours,2,2,1,5,5,5,1,3,1,5,1,5,1.5
274,05-11-2022 20:51,21,Male,Single,University Student,University,Yes,"Facebook, Twitter, Instagram, YouTube, Discord, Reddit",Between 2 and 3 hours,4,4,4,5,5,4,4,2,3,3,4,3,2.5
275,05-11-2022 20:57,21,Female,In a relationship,University Student,"School, University",Yes,"Facebook, Instagram, YouTube, Snapchat, Discord, Pinterest, TikTok",Between 3 and 4 hours,5,4,2,5,5,4,4,3,3,5,5,5,3.5
276,05-11-2022 20:58,22,Male,In a relationship,University Student,University,Yes,"Facebook, Instagram, YouTube, Snapchat, Discord",Between 4 and 5 hours,5,5,3,5,5,5,5,5,5,5,5,5,4.5
277,05-11-2022 21:02,26,Male,Single,Salaried Worker,Company,Yes,"Facebook, Instagram, YouTube, Discord",More than 5 hours,5,5,5,5,5,5,5,5,1,5,5,5,5.2
278,05-11-2022 21:06,22,Female,In a relationship,University Student,University,Yes,"Facebook, Instagram, YouTube, Discord",Between 2 and 3 hours,4,4,2,3,5,3,1,3,4,5,2,2,2.5
279,05-11-2022 21:08,17,Male,Single,School Student,School,Yes,Discord,Between 2 and 3 hours,3,4,3,3,3,3,5,3,4,5,3,4,2.5
280,05-11-2022 21:14,23,Male,Single,University Student,"University, Private",Yes,"Facebook, Instagram, YouTube, Discord, Pinterest, TikTok",More than 5 hours,4,3,3,4,5,4,5,4,4,3,4,5,5.2
281,05-11-2022 21:14,21,Male,Single,School Student,"School, Company",Yes,"Facebook, Instagram, YouTube, Discord, Reddit, Pinterest",Between 3 and 4 hours,2,4,2,4,5,4,5,4,4,4,3,3,3.5
282,05-11-2022 21:16,22,Female,Single,University Student,University,Yes,"Facebook, Instagram, YouTube, Snapchat",More than 5 hours,1,1,1,1,1,1,2,2,1,2,1,2,5.2
283,05-11-2022 21:19,20,Male,Single,University Student,University,Yes,"Facebook, Twitter, Instagram, YouTube, Snapchat, Discord, TikTok",More than 5 hours,4,5,3,2,5,3,4,2,1,5,4,5,5.2
284,05-11-2022 21:20,24,Female,Single,University Student,University,Yes,"Facebook, Twitter, Instagram, YouTube",Between 4 and 5 hours,4,4,3,4,4,4,3,3,3,4,4,4,4.5
285,05-11-2022 21:20,22,Female,Single,University Student,Private,Yes,"Facebook, Instagram, YouTube, Snapchat",Between 3 and 4 hours,4,4,2,5,4,5,3,2,2,3,4,4,3.5
286,05-11-2022 21:22,24,Male,Single,University Student,University,Yes,"Facebook, Twitter, Instagram, YouTube, Discord",Between 3 and 4 hours,4,3,2,3,2,3,2,1,3,2,3,2,3.5
287,05-11-2022 21:22,22,Female,Single,University Student,University,Yes,"Facebook, Instagram, YouTube, Snapchat, Pinterest",More than 5 hours,3,4,4,5,5,4,5,2,4,5,4,4,5.2
288,05-11-2022 21:24,26,Male,In a relationship,University Student,"University, Private",Yes,"Facebook, Twitter, Instagram, YouTube, Snapchat, Discord, Pinterest",Between 4 and 5 hours,3,3,2,2,4,2,2,3,4,4,2,2,4.5
289,05-11-2022 21:25,24,Female,In a relationship,Salaried Worker,Private,Yes,"Facebook, Instagram, YouTube, Discord, Pinterest",Between 3 and 4 hours,2,1,1,2,4,2,1,1,3,3,2,4,3.5
290,05-11-2022 21:29,22,Female,Single,University Student,University,Yes,"Facebook, YouTube",Between 2 and 3 hours,3,4,1,2,2,3,3,3,3,3,4,4,2.5
291,05-11-2022 21:30,25,Female,In a relationship,University Student,University,Yes,"Facebook, Instagram, YouTube, Snapchat, Discord",Between 3 and 4 hours,3,2,1,2,4,3,3,3,2,4,2,3,3.5
292,05-11-2022 21:32,21,Female,Single,University Student,University,Yes,"Facebook, Instagram, YouTube, Snapchat, Discord, Reddit, Pinterest, TikTok",Between 4 and 5 hours,4,5,3,4,4,5,2,3,3,4,5,4,4.5
293,05-11-2022 21:34,20,Female,In a relationship,University Student,University,Yes,"Facebook, Instagram, YouTube, Snapchat, TikTok",Between 2 and 3 hours,4,4,4,4,4,4,5,5,4,5,5,5,2.5
294,05-11-2022 21:35,22,Female,Single,University Student,University,Yes,"Facebook, Instagram, YouTube",Between 1 and 2 hours,3,3,1,3,1,1,1,3,5,1,1,1,1.5
295,05-11-2022 21:35,25,Female,In a relationship,Salaried Worker,Company,Yes,"Facebook, Twitter, Instagram, YouTube, Snapchat, Pinterest",Between 2 and 3 hours,2,1,3,2,4,4,3,3,1,2,1,1,2.5
296,05-11-2022 21:36,17,Male,Single,School Student,School,Yes,"Facebook, Discord",Between 4 and 5 hours,2,1,4,2,5,2,4,3,1,4,2,2,4.5
297,05-11-2022 21:38,22,Female,Single,University Student,University,Yes,"Facebook, Twitter, Instagram, YouTube",Between 2 and 3 hours,4,2,3,3,5,4,4,3,3,4,3,5,2.5
298,05-11-2022 21:45,26,Male,Single,University Student,University,Yes,"Facebook, Twitter, Instagram, YouTube, Reddit",Between 1 and 2 hours,3,4,2,4,4,4,2,2,1,3,3,2,1.5
299,05-11-2022 21:46,22,Female,Single,University Student,"University, Goverment",Yes,Facebook,Between 2 and 3 hours,2,3,2,3,3,3,4,3,3,5,3,3,2.5
300,05-11-2022 21:46,23,Male,In a relationship,University Student,"University, Company, Private",Yes,"Facebook, Instagram, YouTube, Snapchat, Pinterest",Between 2 and 3 hours,3,4,5,3,5,3,3,3,3,5,1,4,2.5
301,05-11-2022 21:47,25,Male,Single,Salaried Worker,"Company, Private",Yes,"Facebook, Instagram, YouTube, Snapchat",Between 2 and 3 hours,4,2,2,3,5,4,1,1,2,5,5,5,2.5
302,05-11-2022 21:55,21,Male,Single,School Student,"University, Company",Yes,"Instagram, YouTube, Snapchat, Discord, Reddit",Between 2 and 3 hours,4,5,3,5,2,5,2,3,4,4,5,2,2.5
303,05-11-2022 21:56,30,Female,Single,Salaried Worker,Private,Yes,"Facebook, TikTok",Between 2 and 3 hours,4,5,4,3,3,5,4,3,1,4,4,5,2.5
304,05-11-2022 21:56,23,Female,Single,University Student,University,Yes,"Facebook, Instagram, YouTube",Between 3 and 4 hours,2,4,1,3,4,3,4,2,2,3,3,2,3.5
305,05-11-2022 21:56,22,Male,In a relationship,Salaried Worker,"University, Company",Yes,"Facebook, Twitter, Instagram, YouTube, Snapchat, Discord, Reddit, TikTok",Between 4 and 5 hours,4,5,4,5,5,4,3,3,3,3,4,2,4.5
306,05-11-2022 21:59,21,Female,In a relationship,University Student,University,Yes,"Facebook, Instagram, YouTube",Between 4 and 5 hours,5,5,5,4,4,3,5,2,2,5,4,3,4.5
307,05-11-2022 22:01,20,Female,In a relationship,University Student,University,Yes,"Facebook, YouTube",Between 3 and 4 hours,5,3,2,4,2,2,1,3,5,1,4,1,3.5
308,05-11-2022 22:03,18,Female,Single,University Student,University,Yes,"Facebook, Instagram, YouTube, Snapchat, Discord, Pinterest",More than 5 hours,3,2,2,2,4,2,1,3,3,2,3,4,5.2
309,05-11-2022 22:05,20,Female,Single,University Student,University,Yes,"Twitter, Instagram, YouTube",Between 3 and 4 hours,3,3,2,2,4,2,2,3,2,2,3,1,3.5
310,05-11-2022 22:06,15,Female,Single,School Student,School,Yes,"Instagram, YouTube, Discord, Pinterest",Between 3 and 4 hours,4,3,1,3,5,3,3,3,1,5,4,5,3.5
311,05-11-2022 22:07,22,Male,Single,University Student,University,Yes,"Facebook, Twitter, Instagram, YouTube, Snapchat, Discord, Reddit, Pinterest",More than 5 hours,5,3,2,3,5,5,1,3,1,3,4,5,5.2
312,05-11-2022 22:08,17,Female,Single,School Student,School,Yes,"Facebook, Instagram, YouTube, Snapchat, Pinterest, TikTok",More than 5 hours,2,5,4,5,3,5,2,2,3,2,4,2,5.2
313,05-11-2022 22:10,21,Male,Single,University Student,University,Yes,"Facebook, Instagram",Between 1 and 2 hours,2,3,1,4,5,4,3,3,1,5,5,5,1.5
314,05-11-2022 22:11,22,Female,Single,University Student,University,Yes,"Facebook, Twitter, Instagram, YouTube, Snapchat, TikTok",More than 5 hours,5,1,4,1,4,4,3,4,2,4,5,4,5.2
315,05-11-2022 22:11,23,Female,Married,University Student,University,Yes,Facebook,More than 5 hours,4,3,3,4,4,5,4,4,3,3,3,4,5.2
316,05-11-2022 22:11,24,Male,Single,University Student,University,Yes,"Facebook, Twitter, Instagram, YouTube, Snapchat, Discord, Reddit, Pinterest",Between 3 and 4 hours,2,1,1,1,4,1,1,3,1,3,1,3,3.5
317,05-11-2022 22:14,21,Female,In a relationship,University Student,"University, Private",Yes,"Facebook, Instagram, YouTube, Snapchat",More than 5 hours,4,5,4,5,3,5,3,3,2,5,5,4,5.2
318,05-11-2022 22:20,22,Female,Single,University Student,University,Yes,"Facebook, Instagram, YouTube, Snapchat, Pinterest, TikTok",More than 5 hours,5,5,5,5,5,5,5,1,4,5,5,5,5.2
319,05-11-2022 22:21,22,Female,Single,University Student,University,Yes,"Facebook, YouTube, Snapchat, Discord",More than 5 hours,5,5,5,5,5,5,5,5,5,5,5,5,5.2
320,05-11-2022 22:21,21,Female,Single,University Student,"University, Private",Yes,"Facebook, Twitter, Instagram, YouTube, Snapchat, TikTok",More than 5 hours,3,4,5,4,5,4,5,5,3,5,4,5,5.2
321,05-11-2022 22:21,21,Female,Single,University Student,University,Yes,"Facebook, Instagram, YouTube, Snapchat, Discord, Pinterest",More than 5 hours,3,3,2,2,4,4,4,3,3,4,2,4,5.2
322,05-11-2022 22:29,18,Male,Single,School Student,,Yes,"Facebook, Twitter, Instagram, YouTube, Discord, Reddit, Pinterest",More than 5 hours,5,4,1,2,4,3,1,3,3,3,3,5,5.2
323,05-11-2022 22:30,19,Male,Single,University Student,University,Yes,"Facebook, Twitter, Instagram, YouTube, Snapchat, Discord",Less than an Hour,3,2,1,2,4,2,2,3,4,2,2,5,0.9
324,05-11-2022 22:32,22,Male,Single,University Student,"University, Company",Yes,"Facebook, Twitter, Instagram, YouTube, Snapchat, Discord, Reddit",More than 5 hours,5,4,2,4,5,5,1,1,1,5,1,5,5.2
325,05-11-2022 22:33,21,Non binary ,Single,University Student,University,Yes,"Facebook, Instagram, YouTube, Snapchat, Reddit, Pinterest, TikTok",More than 5 hours,4,2,3,5,5,4,4,3,5,5,5,1,5.2
326,05-11-2022 22:33,21,Female,Single,University Student,,Yes,"Facebook, Instagram, YouTube, Snapchat, Discord, TikTok",Between 3 and 4 hours,5,5,4,5,5,4,5,5,3,5,3,5,3.5
327,05-11-2022 22:34,22,Male,Single,University Student,University,Yes,"Facebook, Instagram, YouTube, Discord, Pinterest",Between 2 and 3 hours,4,5,4,4,5,5,2,2,5,5,5,4,2.5
328,05-11-2022 22:36,21,Female,Single,University Student,"University, Company",Yes,"Facebook, Instagram, Snapchat, Pinterest, TikTok",Between 2 and 3 hours,4,4,1,3,2,2,2,2,2,4,3,2,2.5
329,05-11-2022 22:38,23,Male,Married,University Student,University,Yes,"Facebook, Twitter, Instagram, YouTube, Snapchat, Discord, Reddit, Pinterest, TikTok",Between 2 and 3 hours,5,4,3,5,4,5,3,2,2,4,4,4,2.5
330,05-11-2022 22:38,19,Male,Single,University Student,University,Yes,"Facebook, Twitter, Instagram, YouTube, Snapchat, Discord, Reddit, Pinterest, TikTok",Between 3 and 4 hours,4,2,2,2,3,1,2,5,1,1,3,4,3.5
331,05-11-2022 22:41,26,Male,Single,Salaried Worker,"School, Company",Yes,"Facebook, Twitter, Instagram, YouTube, Snapchat, Discord, Reddit",Between 2 and 3 hours,4,3,2,4,3,3,4,3,1,4,2,2,2.5
332,05-11-2022 22:44,27,Male,Single,Salaried Worker,Company,Yes,"Facebook, Twitter, Instagram, YouTube, Reddit, Pinterest",Between 2 and 3 hours,5,5,2,2,1,1,2,4,1,3,2,3,2.5
333,05-11-2022 22:45,25,Female,Single,University Student,"University, Company, Private",Yes,"Facebook, Instagram, YouTube, Pinterest, TikTok",More than 5 hours,5,5,4,4,5,1,2,2,3,5,2,4,5.2
334,05-11-2022 22:46,20,Female,Single,University Student,University,Yes,"Facebook, Instagram, YouTube, Discord",Between 4 and 5 hours,3,3,3,3,3,3,3,3,3,3,3,3,4.5
335,05-11-2022 22:50,20,Female,Single,University Student,University,Yes,"Facebook, Twitter, Instagram, YouTube, Snapchat",More than 5 hours,4,2,4,3,5,4,1,3,2,4,4,2,5.2
336,05-11-2022 22:52,22,Male,Single,University Student,University,Yes,"Facebook, Twitter, Instagram, YouTube, Snapchat, Discord, Reddit, Pinterest",Between 3 and 4 hours,4,4,1,3,3,1,1,1,1,1,2,2,3.5
337,05-11-2022 22:54,18,Female,Single,School Student,Private,Yes,"Facebook, Instagram, YouTube",Between 3 and 4 hours,5,5,2,5,4,5,5,2,4,4,5,5,3.5
338,05-11-2022 22:54,22,Male,In a relationship,University Student,"University, Company",Yes,"Facebook, Instagram, YouTube, Snapchat, Discord, Reddit",Between 2 and 3 hours,4,3,2,3,4,3,2,4,1,3,1,3,2.5
339,05-11-2022 22:55,20,Male,Single,Salaried Worker,Company,Yes,"Facebook, Twitter, Instagram, Snapchat, Reddit",Between 1 and 2 hours,3,3,2,3,5,3,1,3,4,5,3,2,1.5
340,05-11-2022 22:57,24,Male,Single,Salaried Worker,Company,Yes,"YouTube, Discord",More than 5 hours,5,3,5,5,4,5,1,3,1,3,5,1,5.2
341,05-11-2022 23:02,21,Male,Single,University Student,University,Yes,"Facebook, Instagram, YouTube",Between 4 and 5 hours,3,4,3,3,5,5,4,4,4,3,4,3,4.5
342,05-11-2022 23:11,29,Female,Single,Salaried Worker,Private,Yes,"Facebook, Instagram",Between 3 and 4 hours,5,3,1,3,5,3,2,2,1,5,5,5,3.5
343,05-11-2022 23:12,21,Male,Single,University Student,"University, Company, Private",Yes,"Facebook, Instagram, YouTube, Snapchat, Discord, TikTok",Between 1 and 2 hours,4,4,3,3,5,2,4,2,2,2,4,5,1.5
344,05-11-2022 23:16,19,Female,Single,University Student,"School, University, Private",Yes,"Facebook, Instagram, YouTube, Snapchat, Discord, Reddit, Pinterest, TikTok",More than 5 hours,3,5,4,3,5,4,1,5,1,5,5,5,5.2
345,05-11-2022 23:17,21,Female,In a relationship,University Student,University,Yes,"Facebook, Instagram, YouTube, Snapchat, Discord",Between 2 and 3 hours,5,4,3,4,4,4,2,3,1,5,4,2,2.5
346,05-11-2022 23:22,43,Male,Married,Salaried Worker,Goverment,Yes,"Facebook, YouTube",Less than an Hour,2,1,1,1,1,1,1,3,3,1,1,1,0.9
347,05-11-2022 23:23,22,Female,Married,University Student,University,Yes,"Facebook, Twitter, Instagram, YouTube, Snapchat, Discord, Reddit, Pinterest, TikTok",Between 4 and 5 hours,5,5,3,4,4,4,4,1,1,4,2,1,4.5
348,05-11-2022 23:27,24,Male,In a relationship,University Student,"University, Company",Yes,"Facebook, Twitter, Instagram, YouTube, Snapchat, Discord, Reddit",Between 4 and 5 hours,4,5,3,5,5,5,1,3,1,3,2,1,4.5
349,05-11-2022 23:33,18,Female,Single,School Student,School,Yes,"Facebook, YouTube",More than 5 hours,5,5,3,3,5,4,1,3,1,5,4,4,5.2
350,05-11-2022 23:34,19,Female,Single,University Student,University,Yes,"Facebook, Instagram, YouTube, Snapchat, Discord",Between 3 and 4 hours,4,3,1,3,4,4,2,3,1,4,3,5,3.5
351,05-11-2022 23:35,37,Female,In a relationship,Salaried Worker,Private,Yes,"Facebook, YouTube",Between 1 and 2 hours,2,2,1,3,3,2,2,3,1,3,3,4,1.5
352,05-11-2022 23:37,24,Male,Single,University Student,University,Yes,"Facebook, Instagram, YouTube, Discord, Reddit",Between 4 and 5 hours,4,4,2,4,4,5,4,2,3,3,4,5,4.5
353,05-11-2022 23:38,29,Female,Single,Salaried Worker,University,Yes,"Facebook, Twitter, Instagram, YouTube, Reddit, Pinterest",Between 1 and 2 hours,2,2,1,4,5,4,4,2,1,5,2,4,1.5
354,05-11-2022 23:40,19,Male,Single,School Student,Private,Yes,"Facebook, Instagram, YouTube, Snapchat, Discord, Reddit, TikTok",Between 4 and 5 hours,3,3,2,2,3,2,2,1,3,2,2,2,4.5
355,05-11-2022 23:41,35,Male,Married,Salaried Worker,Company,Yes,"Facebook, Instagram, YouTube, Discord",Less than an Hour,2,3,2,2,4,4,2,2,4,3,2,5,0.9
356,05-11-2022 23:43,22,Female,Single,University Student,University,Yes,"Twitter, Discord, Reddit",Between 2 and 3 hours,4,5,4,5,5,4,3,3,1,4,4,2,2.5
357,05-11-2022 23:54,23,Male,Single,University Student,"University, Company",Yes,"Facebook, Twitter, Instagram, YouTube, Snapchat, Discord, Pinterest",Between 1 and 2 hours,3,2,2,3,2,2,2,4,2,3,2,3,1.5
358,05-11-2022 23:59,22,Female,Single,University Student,University,Yes,"Twitter, Instagram, TikTok",More than 5 hours,5,5,5,4,4,4,2,3,2,3,4,1,5.2
359,05-12-2022 00:07,25,Male,Single,Salaried Worker,Private,Yes,"Facebook, Instagram, YouTube, Snapchat, Discord",Between 2 and 3 hours,4,4,1,5,5,3,5,2,2,4,3,5,2.5
360,05-12-2022 00:16,19,Male,Single,School Student,School,Yes,"Facebook, Instagram, YouTube, TikTok",Between 4 and 5 hours,3,3,4,3,3,3,4,3,3,3,3,2,4.5
361,05-12-2022 00:22,29,Female,Married,Salaried Worker,Private,Yes,"Facebook, Instagram, YouTube, Pinterest",Between 1 and 2 hours,4,4,1,3,3,3,2,3,1,2,2,4,1.5
362,05-12-2022 00:22,21,Female,In a relationship,University Student,"University, Private",Yes,"Facebook, Twitter, Instagram, YouTube, Snapchat, Pinterest",Between 4 and 5 hours,4,5,3,3,3,3,5,1,4,4,3,5,4.5
363,05-12-2022 00:26,21,Male,In a relationship,University Student,University,Yes,"Facebook, Instagram, YouTube, Snapchat, Discord",Between 4 and 5 hours,4,2,2,2,1,1,1,3,1,2,2,2,4.5
364,05-12-2022 00:29,22,Female,Married,University Student,,Yes,"Facebook, Instagram, YouTube, Snapchat, Discord",Between 2 and 3 hours,3,2,1,1,1,3,1,1,2,1,2,2,2.5
365,05-12-2022 00:30,23,Female,Single,University Student,"University, Company",Yes,"Facebook, Twitter, Instagram, YouTube, Snapchat, Discord, Reddit, Pinterest, TikTok",Between 4 and 5 hours,5,4,2,4,5,5,5,1,4,5,2,5,4.5
366,05-12-2022 00:32,22,Female,In a relationship,University Student,University,Yes,"Facebook, Instagram, YouTube",Between 2 and 3 hours,4,5,4,5,3,5,4,3,2,4,4,4,2.5
367,05-12-2022 00:41,20,Male,Divorced,University Student,University,Yes,"Facebook, Instagram, YouTube, Snapchat, Discord",More than 5 hours,5,5,5,5,5,5,5,5,5,5,5,5,5.2
368,05-12-2022 00:49,22,There are others???,In a relationship,Salaried Worker,Company,Yes,"Facebook, Instagram, YouTube, Snapchat",More than 5 hours,4,5,5,5,1,3,3,4,2,1,2,1,5.2
369,05-12-2022 00:52,27,Female,Single,Salaried Worker,Private,Yes,"Facebook, Instagram, Snapchat, Discord, Pinterest, TikTok",Between 3 and 4 hours,3,3,3,3,4,4,4,4,3,5,3,4,3.5
370,05-12-2022 00:54,24,Male,Single,Salaried Worker,Company,Yes,"Facebook, Twitter, Instagram, YouTube, Snapchat, Discord, Reddit, Pinterest",More than 5 hours,5,2,2,2,4,2,2,3,3,2,1,5,5.2
371,05-12-2022 00:55,21,Female,Married,University Student,"University, Company",Yes,"Facebook, Instagram, YouTube, Snapchat",Between 1 and 2 hours,5,5,2,4,5,5,5,1,5,4,5,5,1.5
372,05-12-2022 01:12,23,Female,Single,University Student,University,Yes,"YouTube, Pinterest",Less than an Hour,3,2,1,1,2,1,1,2,2,3,4,3,0.9
373,05-12-2022 01:30,21,Female,Single,University Student,University,Yes,"Facebook, Twitter, Instagram, YouTube, Reddit, Pinterest",Between 3 and 4 hours,4,4,2,5,4,4,2,3,2,3,3,5,3.5
374,05-12-2022 01:36,23,Female,In a relationship,University Student,University,Yes,"Facebook, Twitter, Instagram, YouTube, Snapchat",Between 2 and 3 hours,4,4,3,3,4,2,4,2,3,2,2,1,2.5
375,05-12-2022 02:05,24,Female,In a relationship,University Student,University,Yes,"Facebook, Twitter, Instagram, YouTube, Snapchat, Discord, Pinterest, TikTok",Between 4 and 5 hours,3,2,2,3,5,3,5,2,3,5,5,4,4.5
376,05-12-2022 02:06,21,Male,Single,University Student,University,Yes,"Facebook, Twitter, Instagram, YouTube, Snapchat, Discord, Reddit, Pinterest, TikTok",Between 4 and 5 hours,3,2,2,3,4,3,1,3,2,5,2,4,4.5
377,05-12-2022 02:09,30,Female,Single,Salaried Worker,,Yes,"Facebook, Instagram, YouTube",Between 2 and 3 hours,4,5,3,5,5,5,4,2,5,4,5,4,2.5
378,05-12-2022 02:10,23,Male,Single,University Student,University,Yes,"Facebook, Twitter, Instagram, YouTube, Snapchat, Discord, Reddit",Between 3 and 4 hours,3,4,2,2,5,4,5,5,5,5,2,2,3.5
379,05-12-2022 02:18,22,Female,Single,University Student,University,Yes,"Facebook, Instagram, YouTube, Snapchat",More than 5 hours,4,3,3,3,2,2,3,3,1,1,3,2,5.2
380,05-12-2022 02:30,29,Female,Single,University Student,University,Yes,"Facebook, Instagram, YouTube, Snapchat, Pinterest, TikTok",More than 5 hours,5,5,3,5,4,5,5,3,3,5,5,5,5.2
381,05-12-2022 03:02,20,Male,Single,University Student,"School, University",Yes,"Instagram, YouTube, Discord, Reddit, Pinterest",Between 3 and 4 hours,4,3,2,3,5,5,5,5,5,5,5,1,3.5
382,05-12-2022 03:24,26.7,Female,Single,University Student,University,Yes,"Facebook, YouTube",More than 5 hours,4,2,2,3,5,3,5,2,3,4,5,5,5.2
383,05-12-2022 03:24,24,Male,Single,Salaried Worker,Company,Yes,"Facebook, Twitter, Instagram, YouTube, Snapchat, Discord, Reddit, Pinterest, TikTok",Between 1 and 2 hours,3,4,1,3,3,2,3,3,4,5,3,3,1.5
384,05-12-2022 03:26,26,Male,In a relationship,University Student,University,Yes,"Facebook, Instagram, YouTube, Snapchat",Between 3 and 4 hours,4,5,3,4,4,4,5,1,2,3,4,3,3.5
385,05-12-2022 03:37,22,Male,Single,University Student,"University, Company",Yes,"Facebook, YouTube, Discord",Between 2 and 3 hours,5,4,2,3,3,4,3,4,1,2,2,4,2.5
386,05-12-2022 03:47,23,Male,Single,University Student,"University, Private",Yes,"Facebook, Instagram, YouTube, Snapchat, Discord, Pinterest, TikTok",Between 4 and 5 hours,5,5,2,4,5,3,5,3,2,3,3,4,4.5
387,05-12-2022 03:57,19,Male,Single,School Student,School,Yes,"Facebook, Instagram, YouTube, Snapchat, Discord, Reddit, Pinterest",Between 4 and 5 hours,4,4,2,4,4,4,5,2,4,2,4,4,4.5
388,05-12-2022 04:35,21,Female,Single,University Student,University,Yes,"Twitter, Instagram, YouTube, TikTok",Between 2 and 3 hours,3,4,3,4,4,4,5,1,2,4,4,2,2.5
389,05-12-2022 04:46,20,Female,Single,University Student,University,Yes,"Facebook, Instagram, YouTube, Snapchat, Discord, Reddit, Pinterest, TikTok",Between 4 and 5 hours,5,5,5,5,5,5,2,3,2,4,4,5,4.5
390,05-12-2022 05:24,22,Male,Single,University Student,University,Yes,"Facebook, Instagram, YouTube, Snapchat, Discord",More than 5 hours,4,4,4,4,2,3,2,3,4,3,3,4,5.2
391,05-12-2022 08:09,22,Male,Single,University Student,University,Yes,"Facebook, Twitter, Instagram, YouTube, Discord, Pinterest",More than 5 hours,3,3,3,4,5,5,4,3,1,5,3,3,5.2
392,05-12-2022 08:41,23,Male,Single,University Student,University,Yes,"Facebook, Twitter, Instagram, YouTube, Snapchat, Discord, Reddit",More than 5 hours,5,4,4,5,5,5,2,3,1,5,5,5,5.2
393,05-12-2022 09:25,22,Female,Single,University Student,University,Yes,"Facebook, Instagram, YouTube, Snapchat, Discord",More than 5 hours,4,5,5,5,5,5,5,2,4,5,4,1,5.2
394,05-12-2022 10:10,20,Female,In a relationship,School Student,"Company, Private",Yes,"Facebook, Twitter, Instagram, YouTube, Snapchat, Discord, Pinterest, TikTok",More than 5 hours,5,4,2,3,3,2,1,3,3,2,2,2,5.2
395,05-12-2022 10:57,27,Female,Married,Salaried Worker,Private,Yes,"Facebook, Instagram, YouTube, Pinterest",Between 1 and 2 hours,4,2,1,2,3,1,2,3,4,2,2,1,1.5
396,05-12-2022 11:06,22,Female,Single,University Student,University,Yes,"Facebook, Instagram, YouTube, Snapchat",More than 5 hours,5,4,4,4,4,4,2,4,3,5,4,3,5.2
397,05-12-2022 11:06,21,Female,Single,University Student,University,Yes,Facebook,More than 5 hours,4,4,3,5,4,5,4,3,4,5,5,5,5.2
398,05-12-2022 13:15,21,Female,Single,University Student,University,Yes,"Facebook, Twitter, Instagram, YouTube, Snapchat, Pinterest",Between 2 and 3 hours,2,1,4,2,2,2,3,3,2,1,4,4,2.5
399,05-12-2022 13:23,24,Female,Single,University Student,,Yes,"Facebook, Instagram, YouTube, Snapchat",Between 4 and 5 hours,3,4,1,5,4,5,3,3,4,5,5,5,4.5
400,05-12-2022 17:12,19,Male,Single,University Student,University,Yes,"Facebook, Twitter, Instagram, YouTube",Between 3 and 4 hours,4,2,3,3,4,3,2,2,2,4,4,3,3.5
401,05-12-2022 18:11,52,Male,Married,Salaried Worker,Private,Yes,"Facebook, YouTube",Between 1 and 2 hours,2,2,3,3,3,2,3,2,2,3,2,4,1.5
402,05-12-2022 18:16,26,Male,Single,University Student,University,Yes,"Facebook, Instagram, YouTube, Reddit, Pinterest, TikTok",More than 5 hours,5,4,3,4,4,4,3,3,2,3,4,5,5.2
403,05-12-2022 18:33,44,Male,Married,Salaried Worker,Private,Yes,Facebook,Less than an Hour,1,1,1,2,1,1,1,1,1,1,1,1,0.9
404,05-12-2022 18:36,44,Male,Married,Salaried Worker,Private,Yes,Facebook,Less than an Hour,1,1,1,1,1,1,1,1,1,1,1,1,0.9
405,05-12-2022 18:58,19,Female,Single,University Student,University,Yes,"Facebook, YouTube, Discord, Pinterest",Between 3 and 4 hours,4,5,2,4,5,3,5,5,1,5,4,5,3.5
406,05-12-2022 19:12,35,Male,Single,Salaried Worker,Private,Yes,"Facebook, Snapchat, Reddit",Between 3 and 4 hours,5,5,5,5,5,5,5,1,1,5,5,5,3.5
407,05-12-2022 19:12,21,Female,In a relationship,University Student,University,Yes,"Facebook, Instagram, Snapchat",More than 5 hours,3,5,2,5,3,5,4,2,4,4,3,3,5.2
408,05-12-2022 19:12,20,Female,Single,University Student,University,Yes,"Facebook, Instagram, TikTok",Between 4 and 5 hours,4,5,5,5,5,5,2,2,1,4,5,1,4.5
409,05-12-2022 19:15,24,Female,In a relationship,University Student,Private,Yes,"Facebook, Twitter, Instagram, YouTube, Reddit",More than 5 hours,5,2,4,2,5,1,3,2,4,4,2,5,5.2
410,05-12-2022 19:23,21,Female,Single,University Student,"School, University",Yes,"Facebook, Instagram, YouTube, Reddit, Pinterest",Between 3 and 4 hours,4,4,3,5,5,5,5,1,1,3,3,1,3.5
411,05-12-2022 19:40,24,Male,Single,University Student,University,Yes,"Facebook, Instagram, YouTube, Discord, Reddit",More than 5 hours,3,4,4,4,3,3,2,3,1,3,3,3,5.2
412,05-12-2022 19:41,21,Female,In a relationship,University Student,University,Yes,"Facebook, Instagram, YouTube, Snapchat",Between 3 and 4 hours,5,3,3,5,5,5,5,3,1,5,4,5,3.5
413,05-12-2022 19:47,17,Male,Single,School Student,School,Yes,"Facebook, Instagram, YouTube, Discord",More than 5 hours,2,4,3,5,5,5,3,2,1,5,4,5,5.2
414,05-12-2022 19:51,26,Female,In a relationship,University Student,University,Yes,Facebook,Between 4 and 5 hours,4,4,2,4,3,4,3,3,2,4,3,4,4.5
415,05-12-2022 20:08,18,Male,Single,School Student,School,Yes,"Facebook, Twitter, Instagram, YouTube, Snapchat, Discord, TikTok",Between 3 and 4 hours,4,5,4,5,5,4,4,3,3,5,3,5,3.5
416,05-12-2022 20:13,18,Female,Single,School Student,"School, N/A",Yes,"Facebook, Instagram, YouTube, Discord",Between 3 and 4 hours,2,1,1,3,3,2,1,3,1,2,2,2,3.5
417,05-12-2022 20:17,18,Female,In a relationship,School Student,School,Yes,"Facebook, Instagram, YouTube, Snapchat, Reddit, Pinterest, TikTok",Between 3 and 4 hours,5,3,4,3,4,4,1,3,1,3,5,5,3.5
418,05-12-2022 21:00,23,Male,Single,University Student,University,Yes,"Facebook, Instagram, YouTube, Snapchat, Discord",Between 3 and 4 hours,3,4,2,4,5,4,2,3,2,4,3,3,3.5
419,05-12-2022 21:06,20,Male,Single,University Student,University,Yes,"Facebook, Instagram, YouTube, Snapchat, Discord",Between 1 and 2 hours,4,5,3,5,2,5,1,2,3,3,2,1,1.5
420,05-12-2022 21:10,23,Male,Single,University Student,University,Yes,"Facebook, Instagram, YouTube, Snapchat, Discord",More than 5 hours,4,4,3,4,5,4,4,3,2,3,3,5,5.2
421,05-12-2022 21:13,25,Male,In a relationship,University Student,University,Yes,"Facebook, Twitter, Instagram, YouTube, Discord, Reddit, Pinterest",Less than an Hour,2,2,3,2,3,3,3,4,3,2,2,4,0.9
422,05-12-2022 21:25,26,Male,Single,Salaried Worker,Private,Yes,"Facebook, Instagram, YouTube, Reddit",Between 2 and 3 hours,4,3,3,3,5,4,4,1,4,5,5,4,2.5
423,05-12-2022 21:31,20,Male,In a relationship,University Student,"School, University",Yes,"Facebook, Twitter, Instagram, YouTube, Snapchat, Discord, TikTok",More than 5 hours,4,5,3,4,5,4,5,2,4,4,4,5,5.2
424,05-12-2022 21:33,19,Male,In a relationship,School Student,School,Yes,"Facebook, Instagram, YouTube, Snapchat, Discord, Reddit, Pinterest",Between 1 and 2 hours,4,3,1,3,4,2,2,3,3,1,4,3,1.5
425,05-12-2022 21:45,17,Female,Single,School Student,,Yes,"Facebook, Instagram, YouTube, Pinterest",Between 2 and 3 hours,4,1,3,2,5,4,5,5,1,4,4,1,2.5
426,05-12-2022 21:53,24,Female,Married,University Student,University,Yes,"Facebook, Instagram, YouTube, Snapchat",Between 3 and 4 hours,4,3,5,3,3,5,4,2,3,3,3,3,3.5
427,05-12-2022 23:01,29,Female,Married,Salaried Worker,Company,Yes,"Facebook, Instagram, YouTube, Pinterest",More than 5 hours,5,5,5,4,5,4,3,3,4,4,4,3,5.2
428,05-12-2022 23:13,30,Female,Married,Retired,,Yes,"Facebook, Instagram, YouTube",Between 3 and 4 hours,1,5,1,2,3,3,2,4,3,3,3,2,3.5
429,05-12-2022 23:56,21,Female,Single,University Student,University,Yes,"Facebook, Twitter, Instagram, YouTube, Snapchat, Discord, TikTok",Between 3 and 4 hours,4,5,4,4,5,5,5,1,3,5,4,4,3.5
430,5/13/2022 0:15:32,23,Male,Single,University Student,University,Yes,"Facebook, Instagram, YouTube, Snapchat, Discord, Reddit, Pinterest",More than 5 hours,4,3,2,4,4,4,3,3,3,5,5,5,5.2
431,5/13/2022 0:21:17,21,Male,Single,University Student,University,Yes,"Facebook, Instagram, YouTube, Snapchat, Discord, Reddit, Pinterest",More than 5 hours,5,5,2,3,4,3,4,4,4,5,3,5,5.2
432,5/13/2022 0:27:42,20,Female,Single,University Student,University,Yes,"Facebook, Instagram, YouTube, Discord",More than 5 hours,3,5,3,5,5,5,5,5,5,5,5,5,5.2
433,5/13/2022 1:06:00,21,Male,Single,University Student,University,Yes,"Facebook, Twitter, Instagram, YouTube, Snapchat, Discord, Reddit",Between 4 and 5 hours,4,3,2,5,5,4,5,1,3,5,5,5,4.5
434,5/13/2022 1:16:02,22,Female,Single,University Student,University,Yes,YouTube,Between 4 and 5 hours,3,1,2,3,4,2,2,1,1,4,3,5,4.5
435,5/13/2022 1:20:52,22,Female,Single,University Student,University,Yes,"Facebook, Instagram",Between 2 and 3 hours,3,2,2,2,5,3,5,2,5,3,3,5,2.5
436,5/13/2022 1:25:09,22,Female,In a relationship,University Student,University,Yes,"Facebook, Instagram, Snapchat",More than 5 hours,1,5,2,3,5,2,1,2,2,3,3,4,5.2
437,5/13/2022 1:27:34,27,Female,In a relationship,Salaried Worker,Private,Yes,"Facebook, Instagram, YouTube, Reddit, TikTok",Between 4 and 5 hours,4,3,3,4,3,3,4,2,4,2,1,2,4.5
438,5/13/2022 1:30:50,21,Male,Single,University Student,University,Yes,"Facebook, Instagram, YouTube",More than 5 hours,5,4,2,2,2,3,2,3,1,2,2,5,5.2
439,5/13/2022 1:46:36,23,Male,In a relationship,University Student,University,Yes,"Facebook, Instagram, YouTube, Snapchat, Discord, Reddit, TikTok",Between 4 and 5 hours,4,3,2,4,4,3,4,4,4,4,3,4,4.5
440,5/13/2022 1:50:36,22,Male,In a relationship,University Student,University,Yes,"Facebook, Instagram, YouTube, Discord",Between 3 and 4 hours,4,4,5,4,2,4,3,3,4,2,3,4,3.5
441,5/13/2022 3:51:19,21,Female,In a relationship,University Student,"University, Private",Yes,YouTube,Between 3 and 4 hours,3,4,4,3,3,3,2,5,3,1,3,2,3.5
442,5/13/2022 4:00:54,23,Male,Single,University Student,"University, Company",Yes,"Facebook, YouTube, Discord, Reddit",Between 2 and 3 hours,4,2,1,2,3,2,3,3,1,3,2,2,2.5
443,5/13/2022 10:05:54,21,Female,Single,University Student,University,Yes,"Facebook, Twitter, Instagram, YouTube, Pinterest",More than 5 hours,4,5,3,4,4,4,3,3,4,4,4,3,5.2
444,5/13/2022 11:00:38,20,Male,Single,University Student,"University, Private",Yes,"Facebook, Instagram, YouTube",Between 4 and 5 hours,5,3,2,3,4,2,2,4,3,3,4,3,4.5
445,5/13/2022 11:12:46,23,Male,Single,University Student,University,Yes,"Facebook, Instagram, YouTube, Discord, Reddit, Pinterest",Between 1 and 2 hours,2,1,1,2,5,3,3,4,1,3,2,4,1.5
446,5/13/2022 13:43:00,22,Female,In a relationship,University Student,University,Yes,"Facebook, Instagram, YouTube, Snapchat, Pinterest, TikTok",Between 3 and 4 hours,3,5,3,5,5,5,5,3,3,5,4,5,3.5
447,5/13/2022 14:28:58,20,Female,In a relationship,University Student,University,Yes,"Facebook, Instagram, YouTube, Snapchat",More than 5 hours,5,3,4,3,5,5,5,1,4,5,5,3,5.2
448,5/13/2022 16:26:54,21,Male,Single,University Student,University,Yes,"Facebook, Instagram, YouTube, Snapchat, Discord",Between 3 and 4 hours,4,4,4,4,4,5,4,1,4,4,4,5,3.5
449,5/13/2022 16:32:03,25,Female,Single,University Student,University,Yes,"Facebook, Twitter, Instagram, YouTube, Pinterest",Between 2 and 3 hours,3,5,2,2,3,3,1,3,1,2,4,5,2.5
450,5/13/2022 17:13:06,21,Female,Single,University Student,University,Yes,"Facebook, Instagram, Discord",Between 3 and 4 hours,2,2,1,4,4,4,2,1,1,2,2,2,3.5
451,5/13/2022 17:32:46,28,Female,Single,University Student,University,Yes,"Facebook, Instagram, YouTube, Discord, Reddit",Between 4 and 5 hours,4,3,1,4,5,4,1,3,1,4,1,5,4.5
452,5/13/2022 19:02:51,22,Female,Single,Salaried Worker,Private,Yes,"Facebook, Instagram, YouTube, Snapchat, Discord, Reddit, Pinterest, TikTok",Between 3 and 4 hours,1,1,1,5,3,5,1,1,1,3,4,3,3.5
453,5/13/2022 19:48:20,60,Male,Single,Retired,,Yes,"Facebook, YouTube",Between 2 and 3 hours,1,2,1,1,1,1,3,3,3,1,1,1,2.5
454,5/13/2022 20:50:29,49,Male,Married,Salaried Worker,School,Yes,"Facebook, YouTube, Pinterest",Less than an Hour,3,4,3,3,4,3,3,3,3,3,2,2,0.9
455,5/13/2022 21:40:01,34,Female,Married,Salaried Worker,Private,Yes,"Facebook, Instagram, YouTube",Less than an Hour,2,1,1,1,1,1,3,4,1,1,2,1,0.9
456,5/13/2022 22:43:21,56,Male,Married,Salaried Worker,Company,Yes,"Facebook, Twitter, YouTube, Pinterest",Between 2 and 3 hours,1,1,1,1,1,1,1,1,1,1,1,2,2.5
457,5/13/2022 23:36:54,51,Male,Married,Salaried Worker,Private,Yes,"Facebook, Twitter, Instagram, YouTube",Between 1 and 2 hours,3,2,3,4,2,3,4,3,3,2,2,4,1.5
458,5/14/2022 0:01:42,23,Female,Single,School Student,University,Yes,Facebook,Between 2 and 3 hours,3,3,3,3,3,2,2,3,3,4,2,2,2.5
459,5/14/2022 2:16:01,21,Female,Single,University Student,University,Yes,"Facebook, YouTube, Discord",Between 4 and 5 hours,3,5,3,3,3,2,3,3,1,2,2,3,4.5
460,5/14/2022 7:11:35,50,Male,Married,University Student,Private,Yes,"Facebook, Instagram",Between 1 and 2 hours,1,1,1,1,1,1,1,1,1,1,1,1,1.5
461,5/14/2022 7:23:27,22,Female,Single,University Student,University,Yes,"Twitter, Instagram, YouTube",Between 3 and 4 hours,2,2,1,4,5,5,1,4,1,3,5,2,3.5
462,5/14/2022 11:26:56,28,Female,Married,Salaried Worker,Private,Yes,"Facebook, Instagram, YouTube, Pinterest",Between 2 and 3 hours,5,4,1,5,4,5,2,2,2,5,5,2,2.5
463,5/14/2022 11:44:03,13,Male,Single,School Student,School,Yes,"Instagram, YouTube, Discord",Between 4 and 5 hours,3,4,1,3,3,1,1,3,1,3,3,4,4.5
464,5/14/2022 11:46:09,14,Male,Single,School Student,School,Yes,"Instagram, Discord",Between 2 and 3 hours,3,4,2,4,3,2,1,3,1,2,3,1,2.5
465,5/14/2022 12:12:16,13,Male,Single,School Student,School,Yes,"Twitter, Instagram, YouTube, Discord, Pinterest",More than 5 hours,4,4,3,4,2,4,2,3,2,2,3,2,5.2
466,5/14/2022 13:40:14,23,Male,In a relationship,School Student,"University, Private",Yes,"Facebook, Instagram, YouTube, Discord",Between 4 and 5 hours,2,4,2,3,4,4,1,3,1,3,2,3,4.5
467,5/14/2022 16:16:32,18,Male,Single,University Student,University,Yes,"Discord, Reddit",Between 1 and 2 hours,3,3,1,3,2,1,1,2,1,1,2,4,1.5
468,5/14/2022 17:33:37,18,Male,Single,School Student,"School, N/A",Yes,Pinterest,More than 5 hours,2,3,1,3,5,3,5,1,2,5,2,1,5.2
469,5/14/2022 17:33:57,15,Male,Single,School Student,School,Yes,"Instagram, YouTube, Discord, Reddit",Between 4 and 5 hours,1,1,1,3,3,3,3,3,3,1,1,1,4.5
470,5/15/2022 2:48:02,20,Female,Single,University Student,Company,Yes,"Instagram, YouTube, Snapchat, Discord, Reddit, Pinterest, TikTok",Between 1 and 2 hours,2,2,1,3,5,3,5,1,2,5,4,5,1.5
471,5/16/2022 20:20:31,20,Female,Single,University Student,University,Yes,"Facebook, Instagram, YouTube",More than 5 hours,5,4,2,4,5,3,1,3,2,4,3,4,5.2
472,5/17/2022 17:12:19,35,Female,Married,Salaried Worker,Company,Yes,"Facebook, Instagram, YouTube",Between 1 and 2 hours,3,2,2,3,3,2,1,2,2,2,4,4,1.5
473,5/18/2022 2:12:59,26,Female,Married,University Student,,Yes,"Facebook, YouTube, TikTok",Between 2 and 3 hours,4,4,3,3,4,4,4,5,3,4,3,4,2.5
474,5/21/2022 22:19:10,30,Female,Married,Salaried Worker,University,Yes,"Facebook, Instagram, YouTube",Between 4 and 5 hours,2,4,4,3,4,5,4,2,2,4,2,1,4.5
475,5/21/2022 22:33:02,32,Female,Married,Salaried Worker,Private,Yes,"Facebook, Instagram",Between 3 and 4 hours,5,5,3,5,5,5,5,1,4,5,5,4,3.5
476,5/21/2022 23:38:28,24,Male,Single,Salaried Worker,"University, Private",Yes,"Facebook, Instagram, YouTube",Between 2 and 3 hours,3,4,3,4,3,4,4,2,4,3,4,4,2.5
477,5/22/2022 0:01:05,26,Female,Married,Salaried Worker,University,Yes,"Facebook, YouTube",Between 1 and 2 hours,2,1,2,3,4,4,4,2,4,4,4,1,1.5
478,5/22/2022 10:29:21,29,Female,Married,Salaried Worker,University,Yes,"Facebook, YouTube",Between 2 and 3 hours,3,3,4,3,2,3,3,3,4,2,2,2,2.5
479,7/14/2022 19:33:47,21,Male,Single,University Student,University,Yes,"Facebook, Twitter, Instagram, YouTube, Discord, Pinterest",Between 2 and 3 hours,2,3,2,3,3,2,2,3,4,4,5,4,2.5
480,11-12-2022 13:16,53,Male,Married,Salaried Worker,Private,Yes,"Facebook, YouTube",Less than an Hour,2,3,1,3,1,1,3,3,2,2,2,3,0.9
